-- MySQL dump 10.13  Distrib 5.5.37, for debian-linux-gnu (x86_64)
--
-- Host: localhost    Database: artica
-- ------------------------------------------------------
-- Server version	5.5.37-0ubuntu0.12.04.1

/*!40101 SET @OLD_CHARACTER_SET_CLIENT=@@CHARACTER_SET_CLIENT */;
/*!40101 SET @OLD_CHARACTER_SET_RESULTS=@@CHARACTER_SET_RESULTS */;
/*!40101 SET @OLD_COLLATION_CONNECTION=@@COLLATION_CONNECTION */;
/*!40101 SET NAMES utf8 */;
/*!40103 SET @OLD_TIME_ZONE=@@TIME_ZONE */;
/*!40103 SET TIME_ZONE='+00:00' */;
/*!40014 SET @OLD_UNIQUE_CHECKS=@@UNIQUE_CHECKS, UNIQUE_CHECKS=0 */;
/*!40014 SET @OLD_FOREIGN_KEY_CHECKS=@@FOREIGN_KEY_CHECKS, FOREIGN_KEY_CHECKS=0 */;
/*!40101 SET @OLD_SQL_MODE=@@SQL_MODE, SQL_MODE='NO_AUTO_VALUE_ON_ZERO' */;
/*!40111 SET @OLD_SQL_NOTES=@@SQL_NOTES, SQL_NOTES=0 */;

--
-- Table structure for table `about_us`
--

DROP TABLE IF EXISTS `about_us`;
/*!40101 SET @saved_cs_client     = @@character_set_client */;
/*!40101 SET character_set_client = utf8 */;
CREATE TABLE `about_us` (
  `id` int(11) NOT NULL AUTO_INCREMENT,
  `image_url` varchar(520) COLLATE utf8_unicode_ci DEFAULT NULL,
  `content` text COLLATE utf8_unicode_ci,
  PRIMARY KEY (`id`)
) ENGINE=InnoDB AUTO_INCREMENT=2 DEFAULT CHARSET=utf8 COLLATE=utf8_unicode_ci;
/*!40101 SET character_set_client = @saved_cs_client */;

--
-- Dumping data for table `about_us`
--

LOCK TABLES `about_us` WRITE;
/*!40000 ALTER TABLE `about_us` DISABLE KEYS */;
INSERT INTO `about_us` VALUES (1,'images/about.jpg','<p class=\"p1\" style=\"text-align: justify;\">Artica Interiors was founded in 2002 by Mr. Abdul Rahman Al Khaja, an Emarati entrepreneur and an American Interior Architecture graduate, to meet the demand for the interior design &amp; build services in the rapidly growing market of the United Arab Emirates.&nbsp;</p>\r\n<p class=\"p1\" style=\"text-align: justify;\">The Company constitutes of two main independent sections, namely the Design section and the Fit-out Section. The Design section of the Company, equipped with a very talented team of interior designers &amp; 3D visualizers offers interior design solutions to a diverse range of projects. The Fit-out section of the Company has an in-house Joinery Factory and offers turn-key interior fit-out services to a wide range of clients. Both sections of the Company operate independently and at times compliment each other on design &amp; build projects.</p>\r\n<p class=\"p1\" style=\"text-align: justify;\">Over the years, Artica Interiors has built a client base in top residential, retail, commercial and hospitality sectors while garnering a reputation for producing state of the art interior designs of the very highest standards.&nbsp;</p>\r\n<p class=\"p1\" style=\"text-align: justify;\">The success of Artica &nbsp;is down to the simple philosophy; to stay loyal to the client\'s brief and meet the requirements of functionality, yet at the same time, create an interior that meet the highest international standards, whilst providing a unique and memorable experience for the clients.</p>\r\n<p style=\"text-align: justify;\">Abreast of the latest technology and trends in interior design, Artica\'s talented team provides a uniquely intelligent approach to each individual interior, resulting in innovative and unique interior designs, which are tailored to meet our clients\' exacting requirements.</p>');
/*!40000 ALTER TABLE `about_us` ENABLE KEYS */;
UNLOCK TABLES;

--
-- Table structure for table `cat_images`
--

DROP TABLE IF EXISTS `cat_images`;
/*!40101 SET @saved_cs_client     = @@character_set_client */;
/*!40101 SET character_set_client = utf8 */;
CREATE TABLE `cat_images` (
  `id` int(11) NOT NULL AUTO_INCREMENT,
  `cat` varchar(50) NOT NULL,
  `image_url` varchar(255) NOT NULL,
  PRIMARY KEY (`id`)
) ENGINE=InnoDB AUTO_INCREMENT=5 DEFAULT CHARSET=latin1;
/*!40101 SET character_set_client = @saved_cs_client */;

--
-- Dumping data for table `cat_images`
--

LOCK TABLES `cat_images` WRITE;
/*!40000 ALTER TABLE `cat_images` DISABLE KEYS */;
INSERT INTO `cat_images` VALUES (1,'residential','images/residential.jpg'),(2,'commercial','images/commercial.jpg'),(3,'hospitality','images/hospitality.jpg'),(4,'retail','images/retail.jpg');
/*!40000 ALTER TABLE `cat_images` ENABLE KEYS */;
UNLOCK TABLES;

--
-- Table structure for table `home_slider1`
--

DROP TABLE IF EXISTS `home_slider1`;
/*!40101 SET @saved_cs_client     = @@character_set_client */;
/*!40101 SET character_set_client = utf8 */;
CREATE TABLE `home_slider1` (
  `id` int(11) NOT NULL AUTO_INCREMENT,
  `image_url` varchar(255) NOT NULL,
  PRIMARY KEY (`id`)
) ENGINE=InnoDB AUTO_INCREMENT=6 DEFAULT CHARSET=latin1;
/*!40101 SET character_set_client = @saved_cs_client */;

--
-- Dumping data for table `home_slider1`
--

LOCK TABLES `home_slider1` WRITE;
/*!40000 ALTER TABLE `home_slider1` DISABLE KEYS */;
INSERT INTO `home_slider1` VALUES (4,'images/slider.1.3.jpg'),(5,'images/slider.1.5.jpg');
/*!40000 ALTER TABLE `home_slider1` ENABLE KEYS */;
UNLOCK TABLES;

--
-- Table structure for table `home_slider2`
--

DROP TABLE IF EXISTS `home_slider2`;
/*!40101 SET @saved_cs_client     = @@character_set_client */;
/*!40101 SET character_set_client = utf8 */;
CREATE TABLE `home_slider2` (
  `id` int(11) NOT NULL AUTO_INCREMENT,
  `image_url` varchar(255) NOT NULL,
  PRIMARY KEY (`id`)
) ENGINE=InnoDB AUTO_INCREMENT=12 DEFAULT CHARSET=latin1;
/*!40101 SET character_set_client = @saved_cs_client */;

--
-- Dumping data for table `home_slider2`
--

LOCK TABLES `home_slider2` WRITE;
/*!40000 ALTER TABLE `home_slider2` DISABLE KEYS */;
INSERT INTO `home_slider2` VALUES (9,'images/slider.2.1.jpg'),(10,'images/slider.2.10.jpg'),(11,'images/slider.2.11.jpg');
/*!40000 ALTER TABLE `home_slider2` ENABLE KEYS */;
UNLOCK TABLES;

--
-- Table structure for table `listing`
--

DROP TABLE IF EXISTS `listing`;
/*!40101 SET @saved_cs_client     = @@character_set_client */;
/*!40101 SET character_set_client = utf8 */;
CREATE TABLE `listing` (
  `id` int(11) NOT NULL AUTO_INCREMENT,
  `image_url` varchar(255) NOT NULL,
  `description` text NOT NULL,
  PRIMARY KEY (`id`)
) ENGINE=InnoDB AUTO_INCREMENT=3 DEFAULT CHARSET=latin1;
/*!40101 SET character_set_client = @saved_cs_client */;

--
-- Dumping data for table `listing`
--

LOCK TABLES `listing` WRITE;
/*!40000 ALTER TABLE `listing` DISABLE KEYS */;
INSERT INTO `listing` VALUES (2,'images/listing.jpg','<p class=\"p1\">HOSPITALITY</p>\r\n<p>Saif Belhasa Group (Chocolate Bar - Mirdif City Center)</p>\r\n<p>Good Company (Orcherstra - Dubai Festival City, Latino Restaurant)</p>\r\n<p>Jawad Group (Papa Johns, Dairy Queen, Thai Express, Zen Express)&nbsp;</p>\r\n<p>Sultan Group (Manga Sushi, Bistro Romain)</p>\r\n<p>Dbi Hotel</p>\r\n<p>KFC</p>\r\n<p>Stone Fire Pizza Restaurant (Dubai Outlet Mall)</p>\r\n<p>Uno Chicago Restaurant (Dubai Mall)</p>\r\n<p>Kono Pizza (Dubai Mall)</p>\r\n<p>Arabian Food Supplies (Fuddruckers - Jbr, Fuddruckers - Wahda Mall)</p>\r\n<p>Choowy Goowy (Dubai Mall)</p>\r\n<p>La Cre Paris (Mall Of The Emirates)</p>\r\n<p>Panda Chinese Restaurant (Deira City Center &amp; Dubai Festival City)</p>\r\n<p>Samovar Cafe</p>\r\n<p>&nbsp; &nbsp; &nbsp;</p>\r\n<p class=\"p1\">RETAIL OUTLETS</p>\r\n<p>Al Jaber Gallery (Mall Of The Emirates)</p>\r\n<p>Ikks Fashion (Mall Of The Emirates)</p>\r\n<p>Monsoon Gallery (Mall Of The Emirates)</p>\r\n<p>Gifts &amp; Souveniers (Mall Of The Emirates)</p>\r\n<p>La Beaute Fashion (Burjuman)</p>\r\n<p>Salehia (Dubai Mall)</p>\r\n<p>Beach Park Plaza</p>\r\n<p>Jml Group (Edition Limitee - Time Square Mall)</p>\r\n<p>Bin Suloom Group</p>\r\n<p>&nbsp; &nbsp;&nbsp;</p>\r\n<p class=\"p1\">OFFICES</p>\r\n<p>Khalifa Fund For Enterprise Development (Al Ain, Ajman, Fujairah, Ras Al Khaimah)</p>\r\n<p>Dubai Chamber Of Commerce</p>\r\n<p>Cleaveland Clinic</p>\r\n<p>Deyaar&nbsp;</p>\r\n<p>Arj Establishment</p>\r\n<p>Rosy Blue&nbsp;</p>\r\n<p>Dubai Airport</p>\r\n<p>Ajman Rulers Office</p>\r\n<p>Mawarid Finance</p>\r\n<p>Al Fahim Group</p>\r\n<p>Supermax Group</p>\r\n<p>Abu Dhabi Airport</p>\r\n<p>Badge Environmental Consultants</p>\r\n<p>Hamilton Design&nbsp;</p>\r\n<p>&nbsp; &nbsp; &nbsp;</p>\r\n<p class=\"p1\">RESIDENTIAL</p>\r\n<p>Diversified Residential Projects With State Of The Art Interiors For Many Reputed &amp; Distinguised Clients (References Are Available On Specific Requests Due To Confidentiality Reasons)</p>\r\n<p>&nbsp;</p>');
/*!40000 ALTER TABLE `listing` ENABLE KEYS */;
UNLOCK TABLES;

--
-- Table structure for table `project_subimages`
--

DROP TABLE IF EXISTS `project_subimages`;
/*!40101 SET @saved_cs_client     = @@character_set_client */;
/*!40101 SET character_set_client = utf8 */;
CREATE TABLE `project_subimages` (
  `id` int(11) NOT NULL AUTO_INCREMENT,
  `image_url` varchar(255) NOT NULL,
  `project_id` int(11) NOT NULL,
  PRIMARY KEY (`id`)
) ENGINE=InnoDB AUTO_INCREMENT=502 DEFAULT CHARSET=latin1;
/*!40101 SET character_set_client = @saved_cs_client */;

--
-- Dumping data for table `project_subimages`
--

LOCK TABLES `project_subimages` WRITE;
/*!40000 ALTER TABLE `project_subimages` DISABLE KEYS */;
INSERT INTO `project_subimages` VALUES (17,'images/project1.1.jpg',1),(18,'images/project1.2.jpg',1),(19,'images/project1.3.jpg',1),(20,'images/project1.4.jpg',1),(22,'images/project1.6.jpg',1),(23,'images/project1.7.jpg',1),(24,'images/project1.8.jpg',1),(26,'images/project1.10.jpg',1),(27,'images/project1.11.jpg',1),(31,'images/project2.1.jpg',2),(32,'images/project2.2.jpg',2),(64,'images/project7.1.jpg',7),(66,'images/project7.3.jpg',7),(67,'images/project7.4.jpg',7),(68,'images/project7.5.jpg',7),(69,'images/project7.6.jpg',7),(70,'images/project7.7.jpg',7),(71,'images/project7.8.jpg',7),(72,'images/project7.9.jpg',7),(73,'images/project8.1.jpg',8),(74,'images/project8.2.jpg',8),(94,'images/project11.1.jpg',11),(95,'images/project11.2.jpg',11),(96,'images/project11.3.jpg',11),(97,'images/project11.4.jpg',11),(98,'images/project11.5.jpg',11),(99,'images/project11.6.jpg',11),(100,'images/project11.7.jpg',11),(101,'images/project11.8.jpg',11),(102,'images/project11.9.jpg',11),(103,'images/project11.10.jpg',11),(108,'images/project13.1.jpg',13),(109,'images/project13.2.jpg',13),(110,'images/project13.3.jpg',13),(111,'images/project13.4.jpg',13),(112,'images/project13.5.jpg',13),(113,'images/project13.6.jpg',13),(114,'images/project13.7.jpg',13),(115,'images/project13.8.jpg',13),(118,'images/project4.1.jpg',4),(119,'images/project4.2.jpg',4),(120,'images/project4.3.jpg',4),(123,'images/project4.5.jpg',4),(124,'images/project4.6.jpg',4),(125,'images/project4.7.jpg',4),(126,'images/project4.8.jpg',4),(127,'images/project4.9.jpg',4),(128,'images/project4.10.jpg',4),(129,'images/project4.11.jpg',4),(130,'images/project4.12.jpg',4),(131,'images/project5.1.jpg',5),(132,'images/project5.2.jpg',5),(133,'images/project5.3.jpg',5),(134,'images/project5.4.jpg',5),(135,'images/project5.5.jpg',5),(136,'images/project5.6.jpg',5),(137,'images/project5.7.jpg',5),(138,'images/project5.8.jpg',5),(139,'images/project5.9.jpg',5),(140,'images/project5.10.jpg',5),(141,'images/project3.1.jpg',3),(142,'images/project3.2.jpg',3),(143,'images/project3.3.jpg',3),(144,'images/project3.4.jpg',3),(152,'images/project6.1.jpg',6),(153,'images/project6.2.jpg',6),(154,'images/project6.3.jpg',6),(155,'images/project6.4.jpg',6),(156,'images/project6.5.jpg',6),(157,'images/project6.6.jpg',6),(158,'images/project6.7.jpg',6),(159,'images/project6.8.jpg',6),(160,'images/project6.9.jpg',6),(161,'images/project6.10.jpg',6),(162,'images/project6.11.jpg',6),(163,'images/project6.12.jpg',6),(164,'images/project10.1.jpg',10),(165,'images/project10.2.jpg',10),(166,'images/project10.3.jpg',10),(167,'images/project10.4.jpg',10),(168,'images/project1.10.jpg',1),(169,'images/project1.11.jpg',1),(170,'images/project1.12.jpg',1),(171,'images/project1.13.jpg',1),(172,'images/project1.14.jpg',1),(173,'images/project1.15.jpg',1),(174,'images/project1.16.jpg',1),(175,'images/project2.3.jpg',2),(176,'images/project2.4.jpg',2),(177,'images/project2.5.jpg',2),(178,'images/project3.5.jpg',3),(179,'images/project3.6.jpg',3),(180,'images/project3.7.jpg',3),(181,'images/project3.8.jpg',3),(182,'images/project3.9.jpg',3),(183,'images/project3.10.jpg',3),(184,'images/project3.11.jpg',3),(186,'images/project3.12.jpg',3),(187,'images/project4.12.jpg',4),(188,'images/project4.13.jpg',4),(190,'images/project4.14.jpg',4),(191,'images/project4.15.jpg',4),(192,'images/project7.9.jpg',7),(193,'images/project7.10.jpg',7),(194,'images/project7.11.jpg',7),(195,'images/project7.12.jpg',7),(196,'images/project7.13.jpg',7),(197,'images/project7.14.jpg',7),(198,'images/project10.5.jpg',10),(199,'images/project10.6.jpg',10),(200,'images/project10.7.jpg',10),(201,'images/project10.8.jpg',10),(202,'images/project10.9.jpg',10),(203,'images/project10.10.jpg',10),(204,'images/project10.11.jpg',10),(205,'images/project10.12.jpg',10),(206,'images/project10.13.jpg',10),(207,'images/project10.14.jpg',10),(208,'images/project10.15.jpg',10),(209,'images/project10.16.jpg',10),(210,'images/project10.17.jpg',10),(211,'images/project10.18.jpg',10),(212,'images/project10.19.jpg',10),(213,'images/project10.20.jpg',10),(214,'images/project10.21.jpg',10),(215,'images/project10.22.jpg',10),(395,'images/project13.9.jpg',13),(396,'images/project13.10.jpg',13),(397,'images/project13.11.jpg',13),(398,'images/project13.12.jpg',13),(399,'images/project13.13.jpg',13),(400,'images/project13.14.jpg',13),(401,'images/project13.15.jpg',13),(402,'images/project13.16.jpg',13),(403,'images/project13.17.jpg',13),(425,'images/project14.1.jpg',14),(426,'images/project14.2.jpg',14),(427,'images/project14.3.jpg',14),(428,'images/project14.4.jpg',14),(429,'images/project14.5.jpg',14),(430,'images/project14.6.jpg',14),(431,'images/project14.7.jpg',14),(432,'images/project14.8.jpg',14),(433,'images/project14.9.jpg',14),(434,'images/project14.10.jpg',14),(435,'images/project14.11.jpg',14),(436,'images/project12.1.jpg',12),(437,'images/project12.2.jpg',12),(438,'images/project12.3.jpg',12),(439,'images/project12.4.jpg',12),(440,'images/project12.5.jpg',12),(441,'images/project12.6.jpg',12),(442,'images/project12.7.jpg',12),(443,'images/project12.8.jpg',12),(444,'images/project12.9.jpg',12),(445,'images/project12.10.jpg',12),(446,'images/project12.11.jpg',12),(447,'images/project12.12.jpg',12),(448,'images/project12.13.jpg',12),(449,'images/project12.14.jpg',12),(450,'images/project12.15.jpg',12),(451,'images/project12.16.jpg',12),(452,'images/project12.17.jpg',12),(453,'images/project12.18.jpg',12),(454,'images/project12.19.jpg',12),(455,'images/project12.20.jpg',12),(456,'images/project12.21.jpg',12),(457,'images/project12.22.jpg',12),(458,'images/project12.23.jpg',12),(459,'images/project12.24.jpg',12),(460,'images/project12.25.jpg',12),(461,'images/project12.26.jpg',12),(462,'images/project12.27.jpg',12),(463,'images/project12.28.jpg',12),(464,'images/project12.29.jpg',12),(465,'images/project12.30.jpg',12),(466,'images/project12.31.jpg',12),(467,'images/project12.32.jpg',12),(468,'images/project12.33.jpg',12),(469,'images/project12.34.jpg',12),(470,'images/project12.35.jpg',12),(471,'images/project12.36.jpg',12),(472,'images/project12.37.jpg',12),(473,'images/project12.38.jpg',12),(474,'images/project12.39.jpg',12),(475,'images/project12.40.jpg',12),(476,'images/project12.41.jpg',12),(477,'images/project12.42.jpg',12),(478,'images/project12.43.jpg',12),(479,'images/project12.44.jpg',12),(480,'images/project12.45.jpg',12),(481,'images/project12.46.jpg',12),(482,'images/project12.47.jpg',12),(483,'images/project12.48.jpg',12),(484,'images/project12.49.jpg',12),(485,'images/project12.50.jpg',12),(486,'images/project12.51.jpg',12),(487,'images/project12.52.jpg',12),(488,'images/project12.53.jpg',12),(489,'images/project12.54.jpg',12),(490,'images/project12.55.jpg',12),(491,'images/project12.56.jpg',12),(492,'images/project12.57.jpg',12),(493,'images/project12.58.jpg',12),(494,'images/project12.59.jpg',12),(495,'images/project12.60.jpg',12),(496,'images/project12.61.jpg',12),(497,'images/project12.62.jpg',12),(498,'images/project12.63.jpg',12),(499,'images/project12.64.jpg',12),(500,'images/project12.65.jpg',12),(501,'images/project12.66.jpg',12);
/*!40000 ALTER TABLE `project_subimages` ENABLE KEYS */;
UNLOCK TABLES;

--
-- Table structure for table `projects`
--

DROP TABLE IF EXISTS `projects`;
/*!40101 SET @saved_cs_client     = @@character_set_client */;
/*!40101 SET character_set_client = utf8 */;
CREATE TABLE `projects` (
  `id` int(11) NOT NULL AUTO_INCREMENT,
  `image_url` varchar(520) COLLATE utf8_unicode_ci DEFAULT NULL,
  `title` varchar(255) COLLATE utf8_unicode_ci NOT NULL,
  `description` text COLLATE utf8_unicode_ci,
  `cat` varchar(50) COLLATE utf8_unicode_ci NOT NULL,
  PRIMARY KEY (`id`)
) ENGINE=InnoDB AUTO_INCREMENT=15 DEFAULT CHARSET=utf8 COLLATE=utf8_unicode_ci;
/*!40101 SET character_set_client = @saved_cs_client */;

--
-- Dumping data for table `projects`
--

LOCK TABLES `projects` WRITE;
/*!40000 ALTER TABLE `projects` DISABLE KEYS */;
INSERT INTO `projects` VALUES (1,'images/project1.jpg','Khalifa Fund for Enterprise Development - Ras Al Khaimah','<p style=\"text-align: justify;\"><!-- [if gte mso 9]><xml>\r\n <o:DocumentProperties>\r\n  <o:Revision>0</o:Revision>\r\n  <o:TotalTime>0</o:TotalTime>\r\n  <o:Pages>1</o:Pages>\r\n  <o:Words>103</o:Words>\r\n  <o:Characters>592</o:Characters>\r\n  <o:Company>Incubasys</o:Company>\r\n  <o:Lines>4</o:Lines>\r\n  <o:Paragraphs>1</o:Paragraphs>\r\n  <o:CharactersWithSpaces>694</o:CharactersWithSpaces>\r\n  <o:Version>14.0</o:Version>\r\n </o:DocumentProperties>\r\n <o:OfficeDocumentSettings>\r\n  <o:PixelsPerInch>96</o:PixelsPerInch>\r\n  <o:TargetScreenSize>800x600</o:TargetScreenSize>\r\n </o:OfficeDocumentSettings>\r\n</xml><![endif]--> <!-- [if gte mso 9]><xml>\r\n <w:WordDocument>\r\n  <w:View>Normal</w:View>\r\n  <w:Zoom>0</w:Zoom>\r\n  <w:TrackMoves/>\r\n  <w:TrackFormatting/>\r\n  <w:PunctuationKerning/>\r\n  <w:ValidateAgainstSchemas/>\r\n  <w:SaveIfXMLInvalid>false</w:SaveIfXMLInvalid>\r\n  <w:IgnoreMixedContent>false</w:IgnoreMixedContent>\r\n  <w:AlwaysShowPlaceholderText>false</w:AlwaysShowPlaceholderText>\r\n  <w:DoNotPromoteQF/>\r\n  <w:LidThemeOther>EN-US</w:LidThemeOther>\r\n  <w:LidThemeAsian>JA</w:LidThemeAsian>\r\n  <w:LidThemeComplexScript>X-NONE</w:LidThemeComplexScript>\r\n  <w:Compatibility>\r\n   <w:BreakWrappedTables/>\r\n   <w:SnapToGridInCell/>\r\n   <w:WrapTextWithPunct/>\r\n   <w:UseAsianBreakRules/>\r\n   <w:DontGrowAutofit/>\r\n   <w:SplitPgBreakAndParaMark/>\r\n   <w:EnableOpenTypeKerning/>\r\n   <w:DontFlipMirrorIndents/>\r\n   <w:OverrideTableStyleHps/>\r\n  </w:Compatibility>\r\n  <m:mathPr>\r\n   <m:mathFont m:val=\"Cambria Math\"/>\r\n   <m:brkBin m:val=\"before\"/>\r\n   <m:brkBinSub m:val=\"--\"/>\r\n   <m:smallFrac m:val=\"off\"/>\r\n   <m:dispDef/>\r\n   <m:lMargin m:val=\"0\"/>\r\n   <m:rMargin m:val=\"0\"/>\r\n   <m:defJc m:val=\"centerGroup\"/>\r\n   <m:wrapIndent m:val=\"1440\"/>\r\n   <m:intLim m:val=\"subSup\"/>\r\n   <m:naryLim m:val=\"undOvr\"/>\r\n  </m:mathPr></w:WordDocument>\r\n</xml><![endif]--><!-- [if gte mso 9]><xml>\r\n <w:LatentStyles DefLockedState=\"false\" DefUnhideWhenUsed=\"true\"\r\n  DefSemiHidden=\"true\" DefQFormat=\"false\" DefPriority=\"99\"\r\n  LatentStyleCount=\"276\">\r\n  <w:LsdException Locked=\"false\" Priority=\"0\" SemiHidden=\"false\"\r\n   UnhideWhenUsed=\"false\" QFormat=\"true\" Name=\"Normal\"/>\r\n  <w:LsdException Locked=\"false\" Priority=\"9\" SemiHidden=\"false\"\r\n   UnhideWhenUsed=\"false\" QFormat=\"true\" Name=\"heading 1\"/>\r\n  <w:LsdException Locked=\"false\" Priority=\"9\" QFormat=\"true\" Name=\"heading 2\"/>\r\n  <w:LsdException Locked=\"false\" Priority=\"9\" QFormat=\"true\" Name=\"heading 3\"/>\r\n  <w:LsdException Locked=\"false\" Priority=\"9\" QFormat=\"true\" Name=\"heading 4\"/>\r\n  <w:LsdException Locked=\"false\" Priority=\"9\" QFormat=\"true\" Name=\"heading 5\"/>\r\n  <w:LsdException Locked=\"false\" Priority=\"9\" QFormat=\"true\" Name=\"heading 6\"/>\r\n  <w:LsdException Locked=\"false\" Priority=\"9\" QFormat=\"true\" Name=\"heading 7\"/>\r\n  <w:LsdException Locked=\"false\" Priority=\"9\" QFormat=\"true\" Name=\"heading 8\"/>\r\n  <w:LsdException Locked=\"false\" Priority=\"9\" QFormat=\"true\" Name=\"heading 9\"/>\r\n  <w:LsdException Locked=\"false\" Priority=\"39\" Name=\"toc 1\"/>\r\n  <w:LsdException Locked=\"false\" Priority=\"39\" Name=\"toc 2\"/>\r\n  <w:LsdException Locked=\"false\" Priority=\"39\" Name=\"toc 3\"/>\r\n  <w:LsdException Locked=\"false\" Priority=\"39\" Name=\"toc 4\"/>\r\n  <w:LsdException Locked=\"false\" Priority=\"39\" Name=\"toc 5\"/>\r\n  <w:LsdException Locked=\"false\" Priority=\"39\" Name=\"toc 6\"/>\r\n  <w:LsdException Locked=\"false\" Priority=\"39\" Name=\"toc 7\"/>\r\n  <w:LsdException Locked=\"false\" Priority=\"39\" Name=\"toc 8\"/>\r\n  <w:LsdException Locked=\"false\" Priority=\"39\" Name=\"toc 9\"/>\r\n  <w:LsdException Locked=\"false\" Priority=\"35\" QFormat=\"true\" Name=\"caption\"/>\r\n  <w:LsdException Locked=\"false\" Priority=\"10\" SemiHidden=\"false\"\r\n   UnhideWhenUsed=\"false\" QFormat=\"true\" Name=\"Title\"/>\r\n  <w:LsdException Locked=\"false\" Priority=\"0\" Name=\"Default Paragraph Font\"/>\r\n  <w:LsdException Locked=\"false\" Priority=\"11\" SemiHidden=\"false\"\r\n   UnhideWhenUsed=\"false\" QFormat=\"true\" Name=\"Subtitle\"/>\r\n  <w:LsdException Locked=\"false\" Priority=\"22\" SemiHidden=\"false\"\r\n   UnhideWhenUsed=\"false\" QFormat=\"true\" Name=\"Strong\"/>\r\n  <w:LsdException Locked=\"false\" Priority=\"20\" SemiHidden=\"false\"\r\n   UnhideWhenUsed=\"false\" QFormat=\"true\" Name=\"Emphasis\"/>\r\n  <w:LsdException Locked=\"false\" Priority=\"59\" SemiHidden=\"false\"\r\n   UnhideWhenUsed=\"false\" Name=\"Table Grid\"/>\r\n  <w:LsdException Locked=\"false\" UnhideWhenUsed=\"false\" Name=\"Placeholder Text\"/>\r\n  <w:LsdException Locked=\"false\" Priority=\"1\" SemiHidden=\"false\"\r\n   UnhideWhenUsed=\"false\" QFormat=\"true\" Name=\"No Spacing\"/>\r\n  <w:LsdException Locked=\"false\" Priority=\"60\" SemiHidden=\"false\"\r\n   UnhideWhenUsed=\"false\" Name=\"Light Shading\"/>\r\n  <w:LsdException Locked=\"false\" Priority=\"61\" SemiHidden=\"false\"\r\n   UnhideWhenUsed=\"false\" Name=\"Light List\"/>\r\n  <w:LsdException Locked=\"false\" Priority=\"62\" SemiHidden=\"false\"\r\n   UnhideWhenUsed=\"false\" Name=\"Light Grid\"/>\r\n  <w:LsdException Locked=\"false\" Priority=\"63\" SemiHidden=\"false\"\r\n   UnhideWhenUsed=\"false\" Name=\"Medium Shading 1\"/>\r\n  <w:LsdException Locked=\"false\" Priority=\"64\" SemiHidden=\"false\"\r\n   UnhideWhenUsed=\"false\" Name=\"Medium Shading 2\"/>\r\n  <w:LsdException Locked=\"false\" Priority=\"65\" SemiHidden=\"false\"\r\n   UnhideWhenUsed=\"false\" Name=\"Medium List 1\"/>\r\n  <w:LsdException Locked=\"false\" Priority=\"66\" SemiHidden=\"false\"\r\n   UnhideWhenUsed=\"false\" Name=\"Medium List 2\"/>\r\n  <w:LsdException Locked=\"false\" Priority=\"67\" SemiHidden=\"false\"\r\n   UnhideWhenUsed=\"false\" Name=\"Medium Grid 1\"/>\r\n  <w:LsdException Locked=\"false\" Priority=\"68\" SemiHidden=\"false\"\r\n   UnhideWhenUsed=\"false\" Name=\"Medium Grid 2\"/>\r\n  <w:LsdException Locked=\"false\" Priority=\"69\" SemiHidden=\"false\"\r\n   UnhideWhenUsed=\"false\" Name=\"Medium Grid 3\"/>\r\n  <w:LsdException Locked=\"false\" Priority=\"70\" SemiHidden=\"false\"\r\n   UnhideWhenUsed=\"false\" Name=\"Dark List\"/>\r\n  <w:LsdException Locked=\"false\" Priority=\"71\" SemiHidden=\"false\"\r\n   UnhideWhenUsed=\"false\" Name=\"Colorful Shading\"/>\r\n  <w:LsdException Locked=\"false\" Priority=\"72\" SemiHidden=\"false\"\r\n   UnhideWhenUsed=\"false\" Name=\"Colorful List\"/>\r\n  <w:LsdException Locked=\"false\" Priority=\"73\" SemiHidden=\"false\"\r\n   UnhideWhenUsed=\"false\" Name=\"Colorful Grid\"/>\r\n  <w:LsdException Locked=\"false\" Priority=\"60\" SemiHidden=\"false\"\r\n   UnhideWhenUsed=\"false\" Name=\"Light Shading Accent 1\"/>\r\n  <w:LsdException Locked=\"false\" Priority=\"61\" SemiHidden=\"false\"\r\n   UnhideWhenUsed=\"false\" Name=\"Light List Accent 1\"/>\r\n  <w:LsdException Locked=\"false\" Priority=\"62\" SemiHidden=\"false\"\r\n   UnhideWhenUsed=\"false\" Name=\"Light Grid Accent 1\"/>\r\n  <w:LsdException Locked=\"false\" Priority=\"63\" SemiHidden=\"false\"\r\n   UnhideWhenUsed=\"false\" Name=\"Medium Shading 1 Accent 1\"/>\r\n  <w:LsdException Locked=\"false\" Priority=\"64\" SemiHidden=\"false\"\r\n   UnhideWhenUsed=\"false\" Name=\"Medium Shading 2 Accent 1\"/>\r\n  <w:LsdException Locked=\"false\" Priority=\"65\" SemiHidden=\"false\"\r\n   UnhideWhenUsed=\"false\" Name=\"Medium List 1 Accent 1\"/>\r\n  <w:LsdException Locked=\"false\" UnhideWhenUsed=\"false\" Name=\"Revision\"/>\r\n  <w:LsdException Locked=\"false\" Priority=\"34\" SemiHidden=\"false\"\r\n   UnhideWhenUsed=\"false\" QFormat=\"true\" Name=\"List Paragraph\"/>\r\n  <w:LsdException Locked=\"false\" Priority=\"29\" SemiHidden=\"false\"\r\n   UnhideWhenUsed=\"false\" QFormat=\"true\" Name=\"Quote\"/>\r\n  <w:LsdException Locked=\"false\" Priority=\"30\" SemiHidden=\"false\"\r\n   UnhideWhenUsed=\"false\" QFormat=\"true\" Name=\"Intense Quote\"/>\r\n  <w:LsdException Locked=\"false\" Priority=\"66\" SemiHidden=\"false\"\r\n   UnhideWhenUsed=\"false\" Name=\"Medium List 2 Accent 1\"/>\r\n  <w:LsdException Locked=\"false\" Priority=\"67\" SemiHidden=\"false\"\r\n   UnhideWhenUsed=\"false\" Name=\"Medium Grid 1 Accent 1\"/>\r\n  <w:LsdException Locked=\"false\" Priority=\"68\" SemiHidden=\"false\"\r\n   UnhideWhenUsed=\"false\" Name=\"Medium Grid 2 Accent 1\"/>\r\n  <w:LsdException Locked=\"false\" Priority=\"69\" SemiHidden=\"false\"\r\n   UnhideWhenUsed=\"false\" Name=\"Medium Grid 3 Accent 1\"/>\r\n  <w:LsdException Locked=\"false\" Priority=\"70\" SemiHidden=\"false\"\r\n   UnhideWhenUsed=\"false\" Name=\"Dark List Accent 1\"/>\r\n  <w:LsdException Locked=\"false\" Priority=\"71\" SemiHidden=\"false\"\r\n   UnhideWhenUsed=\"false\" Name=\"Colorful Shading Accent 1\"/>\r\n  <w:LsdException Locked=\"false\" Priority=\"72\" SemiHidden=\"false\"\r\n   UnhideWhenUsed=\"false\" Name=\"Colorful List Accent 1\"/>\r\n  <w:LsdException Locked=\"false\" Priority=\"73\" SemiHidden=\"false\"\r\n   UnhideWhenUsed=\"false\" Name=\"Colorful Grid Accent 1\"/>\r\n  <w:LsdException Locked=\"false\" Priority=\"60\" SemiHidden=\"false\"\r\n   UnhideWhenUsed=\"false\" Name=\"Light Shading Accent 2\"/>\r\n  <w:LsdException Locked=\"false\" Priority=\"61\" SemiHidden=\"false\"\r\n   UnhideWhenUsed=\"false\" Name=\"Light List Accent 2\"/>\r\n  <w:LsdException Locked=\"false\" Priority=\"62\" SemiHidden=\"false\"\r\n   UnhideWhenUsed=\"false\" Name=\"Light Grid Accent 2\"/>\r\n  <w:LsdException Locked=\"false\" Priority=\"63\" SemiHidden=\"false\"\r\n   UnhideWhenUsed=\"false\" Name=\"Medium Shading 1 Accent 2\"/>\r\n  <w:LsdException Locked=\"false\" Priority=\"64\" SemiHidden=\"false\"\r\n   UnhideWhenUsed=\"false\" Name=\"Medium Shading 2 Accent 2\"/>\r\n  <w:LsdException Locked=\"false\" Priority=\"65\" SemiHidden=\"false\"\r\n   UnhideWhenUsed=\"false\" Name=\"Medium List 1 Accent 2\"/>\r\n  <w:LsdException Locked=\"false\" Priority=\"66\" SemiHidden=\"false\"\r\n   UnhideWhenUsed=\"false\" Name=\"Medium List 2 Accent 2\"/>\r\n  <w:LsdException Locked=\"false\" Priority=\"67\" SemiHidden=\"false\"\r\n   UnhideWhenUsed=\"false\" Name=\"Medium Grid 1 Accent 2\"/>\r\n  <w:LsdException Locked=\"false\" Priority=\"68\" SemiHidden=\"false\"\r\n   UnhideWhenUsed=\"false\" Name=\"Medium Grid 2 Accent 2\"/>\r\n  <w:LsdException Locked=\"false\" Priority=\"69\" SemiHidden=\"false\"\r\n   UnhideWhenUsed=\"false\" Name=\"Medium Grid 3 Accent 2\"/>\r\n  <w:LsdException Locked=\"false\" Priority=\"70\" SemiHidden=\"false\"\r\n   UnhideWhenUsed=\"false\" Name=\"Dark List Accent 2\"/>\r\n  <w:LsdException Locked=\"false\" Priority=\"71\" SemiHidden=\"false\"\r\n   UnhideWhenUsed=\"false\" Name=\"Colorful Shading Accent 2\"/>\r\n  <w:LsdException Locked=\"false\" Priority=\"72\" SemiHidden=\"false\"\r\n   UnhideWhenUsed=\"false\" Name=\"Colorful List Accent 2\"/>\r\n  <w:LsdException Locked=\"false\" Priority=\"73\" SemiHidden=\"false\"\r\n   UnhideWhenUsed=\"false\" Name=\"Colorful Grid Accent 2\"/>\r\n  <w:LsdException Locked=\"false\" Priority=\"60\" SemiHidden=\"false\"\r\n   UnhideWhenUsed=\"false\" Name=\"Light Shading Accent 3\"/>\r\n  <w:LsdException Locked=\"false\" Priority=\"61\" SemiHidden=\"false\"\r\n   UnhideWhenUsed=\"false\" Name=\"Light List Accent 3\"/>\r\n  <w:LsdException Locked=\"false\" Priority=\"62\" SemiHidden=\"false\"\r\n   UnhideWhenUsed=\"false\" Name=\"Light Grid Accent 3\"/>\r\n  <w:LsdException Locked=\"false\" Priority=\"63\" SemiHidden=\"false\"\r\n   UnhideWhenUsed=\"false\" Name=\"Medium Shading 1 Accent 3\"/>\r\n  <w:LsdException Locked=\"false\" Priority=\"64\" SemiHidden=\"false\"\r\n   UnhideWhenUsed=\"false\" Name=\"Medium Shading 2 Accent 3\"/>\r\n  <w:LsdException Locked=\"false\" Priority=\"65\" SemiHidden=\"false\"\r\n   UnhideWhenUsed=\"false\" Name=\"Medium List 1 Accent 3\"/>\r\n  <w:LsdException Locked=\"false\" Priority=\"66\" SemiHidden=\"false\"\r\n   UnhideWhenUsed=\"false\" Name=\"Medium List 2 Accent 3\"/>\r\n  <w:LsdException Locked=\"false\" Priority=\"67\" SemiHidden=\"false\"\r\n   UnhideWhenUsed=\"false\" Name=\"Medium Grid 1 Accent 3\"/>\r\n  <w:LsdException Locked=\"false\" Priority=\"68\" SemiHidden=\"false\"\r\n   UnhideWhenUsed=\"false\" Name=\"Medium Grid 2 Accent 3\"/>\r\n  <w:LsdException Locked=\"false\" Priority=\"69\" SemiHidden=\"false\"\r\n   UnhideWhenUsed=\"false\" Name=\"Medium Grid 3 Accent 3\"/>\r\n  <w:LsdException Locked=\"false\" Priority=\"70\" SemiHidden=\"false\"\r\n   UnhideWhenUsed=\"false\" Name=\"Dark List Accent 3\"/>\r\n  <w:LsdException Locked=\"false\" Priority=\"71\" SemiHidden=\"false\"\r\n   UnhideWhenUsed=\"false\" Name=\"Colorful Shading Accent 3\"/>\r\n  <w:LsdException Locked=\"false\" Priority=\"72\" SemiHidden=\"false\"\r\n   UnhideWhenUsed=\"false\" Name=\"Colorful List Accent 3\"/>\r\n  <w:LsdException Locked=\"false\" Priority=\"73\" SemiHidden=\"false\"\r\n   UnhideWhenUsed=\"false\" Name=\"Colorful Grid Accent 3\"/>\r\n  <w:LsdException Locked=\"false\" Priority=\"60\" SemiHidden=\"false\"\r\n   UnhideWhenUsed=\"false\" Name=\"Light Shading Accent 4\"/>\r\n  <w:LsdException Locked=\"false\" Priority=\"61\" SemiHidden=\"false\"\r\n   UnhideWhenUsed=\"false\" Name=\"Light List Accent 4\"/>\r\n  <w:LsdException Locked=\"false\" Priority=\"62\" SemiHidden=\"false\"\r\n   UnhideWhenUsed=\"false\" Name=\"Light Grid Accent 4\"/>\r\n  <w:LsdException Locked=\"false\" Priority=\"63\" SemiHidden=\"false\"\r\n   UnhideWhenUsed=\"false\" Name=\"Medium Shading 1 Accent 4\"/>\r\n  <w:LsdException Locked=\"false\" Priority=\"64\" SemiHidden=\"false\"\r\n   UnhideWhenUsed=\"false\" Name=\"Medium Shading 2 Accent 4\"/>\r\n  <w:LsdException Locked=\"false\" Priority=\"65\" SemiHidden=\"false\"\r\n   UnhideWhenUsed=\"false\" Name=\"Medium List 1 Accent 4\"/>\r\n  <w:LsdException Locked=\"false\" Priority=\"66\" SemiHidden=\"false\"\r\n   UnhideWhenUsed=\"false\" Name=\"Medium List 2 Accent 4\"/>\r\n  <w:LsdException Locked=\"false\" Priority=\"67\" SemiHidden=\"false\"\r\n   UnhideWhenUsed=\"false\" Name=\"Medium Grid 1 Accent 4\"/>\r\n  <w:LsdException Locked=\"false\" Priority=\"68\" SemiHidden=\"false\"\r\n   UnhideWhenUsed=\"false\" Name=\"Medium Grid 2 Accent 4\"/>\r\n  <w:LsdException Locked=\"false\" Priority=\"69\" SemiHidden=\"false\"\r\n   UnhideWhenUsed=\"false\" Name=\"Medium Grid 3 Accent 4\"/>\r\n  <w:LsdException Locked=\"false\" Priority=\"70\" SemiHidden=\"false\"\r\n   UnhideWhenUsed=\"false\" Name=\"Dark List Accent 4\"/>\r\n  <w:LsdException Locked=\"false\" Priority=\"71\" SemiHidden=\"false\"\r\n   UnhideWhenUsed=\"false\" Name=\"Colorful Shading Accent 4\"/>\r\n  <w:LsdException Locked=\"false\" Priority=\"72\" SemiHidden=\"false\"\r\n   UnhideWhenUsed=\"false\" Name=\"Colorful List Accent 4\"/>\r\n  <w:LsdException Locked=\"false\" Priority=\"73\" SemiHidden=\"false\"\r\n   UnhideWhenUsed=\"false\" Name=\"Colorful Grid Accent 4\"/>\r\n  <w:LsdException Locked=\"false\" Priority=\"60\" SemiHidden=\"false\"\r\n   UnhideWhenUsed=\"false\" Name=\"Light Shading Accent 5\"/>\r\n  <w:LsdException Locked=\"false\" Priority=\"61\" SemiHidden=\"false\"\r\n   UnhideWhenUsed=\"false\" Name=\"Light List Accent 5\"/>\r\n  <w:LsdException Locked=\"false\" Priority=\"62\" SemiHidden=\"false\"\r\n   UnhideWhenUsed=\"false\" Name=\"Light Grid Accent 5\"/>\r\n  <w:LsdException Locked=\"false\" Priority=\"63\" SemiHidden=\"false\"\r\n   UnhideWhenUsed=\"false\" Name=\"Medium Shading 1 Accent 5\"/>\r\n  <w:LsdException Locked=\"false\" Priority=\"64\" SemiHidden=\"false\"\r\n   UnhideWhenUsed=\"false\" Name=\"Medium Shading 2 Accent 5\"/>\r\n  <w:LsdException Locked=\"false\" Priority=\"65\" SemiHidden=\"false\"\r\n   UnhideWhenUsed=\"false\" Name=\"Medium List 1 Accent 5\"/>\r\n  <w:LsdException Locked=\"false\" Priority=\"66\" SemiHidden=\"false\"\r\n   UnhideWhenUsed=\"false\" Name=\"Medium List 2 Accent 5\"/>\r\n  <w:LsdException Locked=\"false\" Priority=\"67\" SemiHidden=\"false\"\r\n   UnhideWhenUsed=\"false\" Name=\"Medium Grid 1 Accent 5\"/>\r\n  <w:LsdException Locked=\"false\" Priority=\"68\" SemiHidden=\"false\"\r\n   UnhideWhenUsed=\"false\" Name=\"Medium Grid 2 Accent 5\"/>\r\n  <w:LsdException Locked=\"false\" Priority=\"69\" SemiHidden=\"false\"\r\n   UnhideWhenUsed=\"false\" Name=\"Medium Grid 3 Accent 5\"/>\r\n  <w:LsdException Locked=\"false\" Priority=\"70\" SemiHidden=\"false\"\r\n   UnhideWhenUsed=\"false\" Name=\"Dark List Accent 5\"/>\r\n  <w:LsdException Locked=\"false\" Priority=\"71\" SemiHidden=\"false\"\r\n   UnhideWhenUsed=\"false\" Name=\"Colorful Shading Accent 5\"/>\r\n  <w:LsdException Locked=\"false\" Priority=\"72\" SemiHidden=\"false\"\r\n   UnhideWhenUsed=\"false\" Name=\"Colorful List Accent 5\"/>\r\n  <w:LsdException Locked=\"false\" Priority=\"73\" SemiHidden=\"false\"\r\n   UnhideWhenUsed=\"false\" Name=\"Colorful Grid Accent 5\"/>\r\n  <w:LsdException Locked=\"false\" Priority=\"60\" SemiHidden=\"false\"\r\n   UnhideWhenUsed=\"false\" Name=\"Light Shading Accent 6\"/>\r\n  <w:LsdException Locked=\"false\" Priority=\"61\" SemiHidden=\"false\"\r\n   UnhideWhenUsed=\"false\" Name=\"Light List Accent 6\"/>\r\n  <w:LsdException Locked=\"false\" Priority=\"62\" SemiHidden=\"false\"\r\n   UnhideWhenUsed=\"false\" Name=\"Light Grid Accent 6\"/>\r\n  <w:LsdException Locked=\"false\" Priority=\"63\" SemiHidden=\"false\"\r\n   UnhideWhenUsed=\"false\" Name=\"Medium Shading 1 Accent 6\"/>\r\n  <w:LsdException Locked=\"false\" Priority=\"64\" SemiHidden=\"false\"\r\n   UnhideWhenUsed=\"false\" Name=\"Medium Shading 2 Accent 6\"/>\r\n  <w:LsdException Locked=\"false\" Priority=\"65\" SemiHidden=\"false\"\r\n   UnhideWhenUsed=\"false\" Name=\"Medium List 1 Accent 6\"/>\r\n  <w:LsdException Locked=\"false\" Priority=\"66\" SemiHidden=\"false\"\r\n   UnhideWhenUsed=\"false\" Name=\"Medium List 2 Accent 6\"/>\r\n  <w:LsdException Locked=\"false\" Priority=\"67\" SemiHidden=\"false\"\r\n   UnhideWhenUsed=\"false\" Name=\"Medium Grid 1 Accent 6\"/>\r\n  <w:LsdException Locked=\"false\" Priority=\"68\" SemiHidden=\"false\"\r\n   UnhideWhenUsed=\"false\" Name=\"Medium Grid 2 Accent 6\"/>\r\n  <w:LsdException Locked=\"false\" Priority=\"69\" SemiHidden=\"false\"\r\n   UnhideWhenUsed=\"false\" Name=\"Medium Grid 3 Accent 6\"/>\r\n  <w:LsdException Locked=\"false\" Priority=\"70\" SemiHidden=\"false\"\r\n   UnhideWhenUsed=\"false\" Name=\"Dark List Accent 6\"/>\r\n  <w:LsdException Locked=\"false\" Priority=\"71\" SemiHidden=\"false\"\r\n   UnhideWhenUsed=\"false\" Name=\"Colorful Shading Accent 6\"/>\r\n  <w:LsdException Locked=\"false\" Priority=\"72\" SemiHidden=\"false\"\r\n   UnhideWhenUsed=\"false\" Name=\"Colorful List Accent 6\"/>\r\n  <w:LsdException Locked=\"false\" Priority=\"73\" SemiHidden=\"false\"\r\n   UnhideWhenUsed=\"false\" Name=\"Colorful Grid Accent 6\"/>\r\n  <w:LsdException Locked=\"false\" Priority=\"19\" SemiHidden=\"false\"\r\n   UnhideWhenUsed=\"false\" QFormat=\"true\" Name=\"Subtle Emphasis\"/>\r\n  <w:LsdException Locked=\"false\" Priority=\"21\" SemiHidden=\"false\"\r\n   UnhideWhenUsed=\"false\" QFormat=\"true\" Name=\"Intense Emphasis\"/>\r\n  <w:LsdException Locked=\"false\" Priority=\"31\" SemiHidden=\"false\"\r\n   UnhideWhenUsed=\"false\" QFormat=\"true\" Name=\"Subtle Reference\"/>\r\n  <w:LsdException Locked=\"false\" Priority=\"32\" SemiHidden=\"false\"\r\n   UnhideWhenUsed=\"false\" QFormat=\"true\" Name=\"Intense Reference\"/>\r\n  <w:LsdException Locked=\"false\" Priority=\"33\" SemiHidden=\"false\"\r\n   UnhideWhenUsed=\"false\" QFormat=\"true\" Name=\"Book Title\"/>\r\n  <w:LsdException Locked=\"false\" Priority=\"37\" Name=\"Bibliography\"/>\r\n  <w:LsdException Locked=\"false\" Priority=\"39\" QFormat=\"true\" Name=\"TOC Heading\"/>\r\n </w:LatentStyles>\r\n</xml><![endif]--> <!-- [if gte mso 10]>\r\n<style>\r\n /* Style Definitions */\r\ntable.MsoNormalTable\r\n	{mso-style-name:\"Table Normal\";\r\n	mso-tstyle-rowband-size:0;\r\n	mso-tstyle-colband-size:0;\r\n	mso-style-noshow:yes;\r\n	mso-style-priority:99;\r\n	mso-style-parent:\"\";\r\n	mso-padding-alt:0cm 5.4pt 0cm 5.4pt;\r\n	mso-para-margin:0cm;\r\n	mso-para-margin-bottom:.0001pt;\r\n	mso-pagination:widow-orphan;\r\n	font-size:10.0pt;\r\n	font-family:\"Times New Roman\";}\r\n</style>\r\n<![endif]--> <!--StartFragment--> <!--EndFragment--></p>\r\n<p class=\"MsoNormal\" style=\"text-align: justify;\">Khalifa Fund for Enterprise Development had appointed Artica to design and build their three new upcoming offices in Ajman, Fujairah and Ras Al Khaimah. Artica was&nbsp; fortunate &amp; blessed to work with Khalifa Fund as a chosen local office among the international community. The design philosophy centred around creating an office space complementing the contributions of the Khalifa Fund in promoting the local entrepreneurial talent. The overall design was contemporary reflecting the growth and prosperity of the UAE as well as retaining the traditional culture of the region. The three offices were built with exceptional quality and delivered to the client in record time for their expansion.</p>','commercial'),(2,'images/project2.jpg','Khalifa Fund Office - Ajman','<p style=\"text-align: justify;\"><!-- [if gte mso 9]><xml>\r\n <o:DocumentProperties>\r\n  <o:Revision>0</o:Revision>\r\n  <o:TotalTime>0</o:TotalTime>\r\n  <o:Pages>1</o:Pages>\r\n  <o:Words>103</o:Words>\r\n  <o:Characters>592</o:Characters>\r\n  <o:Company>Incubasys</o:Company>\r\n  <o:Lines>4</o:Lines>\r\n  <o:Paragraphs>1</o:Paragraphs>\r\n  <o:CharactersWithSpaces>694</o:CharactersWithSpaces>\r\n  <o:Version>14.0</o:Version>\r\n </o:DocumentProperties>\r\n <o:OfficeDocumentSettings>\r\n  <o:PixelsPerInch>96</o:PixelsPerInch>\r\n  <o:TargetScreenSize>800x600</o:TargetScreenSize>\r\n </o:OfficeDocumentSettings>\r\n</xml><![endif]--> <!-- [if gte mso 9]><xml>\r\n <w:WordDocument>\r\n  <w:View>Normal</w:View>\r\n  <w:Zoom>0</w:Zoom>\r\n  <w:TrackMoves/>\r\n  <w:TrackFormatting/>\r\n  <w:PunctuationKerning/>\r\n  <w:ValidateAgainstSchemas/>\r\n  <w:SaveIfXMLInvalid>false</w:SaveIfXMLInvalid>\r\n  <w:IgnoreMixedContent>false</w:IgnoreMixedContent>\r\n  <w:AlwaysShowPlaceholderText>false</w:AlwaysShowPlaceholderText>\r\n  <w:DoNotPromoteQF/>\r\n  <w:LidThemeOther>EN-US</w:LidThemeOther>\r\n  <w:LidThemeAsian>JA</w:LidThemeAsian>\r\n  <w:LidThemeComplexScript>X-NONE</w:LidThemeComplexScript>\r\n  <w:Compatibility>\r\n   <w:BreakWrappedTables/>\r\n   <w:SnapToGridInCell/>\r\n   <w:WrapTextWithPunct/>\r\n   <w:UseAsianBreakRules/>\r\n   <w:DontGrowAutofit/>\r\n   <w:SplitPgBreakAndParaMark/>\r\n   <w:EnableOpenTypeKerning/>\r\n   <w:DontFlipMirrorIndents/>\r\n   <w:OverrideTableStyleHps/>\r\n  </w:Compatibility>\r\n  <m:mathPr>\r\n   <m:mathFont m:val=\"Cambria Math\"/>\r\n   <m:brkBin m:val=\"before\"/>\r\n   <m:brkBinSub m:val=\"--\"/>\r\n   <m:smallFrac m:val=\"off\"/>\r\n   <m:dispDef/>\r\n   <m:lMargin m:val=\"0\"/>\r\n   <m:rMargin m:val=\"0\"/>\r\n   <m:defJc m:val=\"centerGroup\"/>\r\n   <m:wrapIndent m:val=\"1440\"/>\r\n   <m:intLim m:val=\"subSup\"/>\r\n   <m:naryLim m:val=\"undOvr\"/>\r\n  </m:mathPr></w:WordDocument>\r\n</xml><![endif]--><!-- [if gte mso 9]><xml>\r\n <w:LatentStyles DefLockedState=\"false\" DefUnhideWhenUsed=\"true\"\r\n  DefSemiHidden=\"true\" DefQFormat=\"false\" DefPriority=\"99\"\r\n  LatentStyleCount=\"276\">\r\n  <w:LsdException Locked=\"false\" Priority=\"0\" SemiHidden=\"false\"\r\n   UnhideWhenUsed=\"false\" QFormat=\"true\" Name=\"Normal\"/>\r\n  <w:LsdException Locked=\"false\" Priority=\"9\" SemiHidden=\"false\"\r\n   UnhideWhenUsed=\"false\" QFormat=\"true\" Name=\"heading 1\"/>\r\n  <w:LsdException Locked=\"false\" Priority=\"9\" QFormat=\"true\" Name=\"heading 2\"/>\r\n  <w:LsdException Locked=\"false\" Priority=\"9\" QFormat=\"true\" Name=\"heading 3\"/>\r\n  <w:LsdException Locked=\"false\" Priority=\"9\" QFormat=\"true\" Name=\"heading 4\"/>\r\n  <w:LsdException Locked=\"false\" Priority=\"9\" QFormat=\"true\" Name=\"heading 5\"/>\r\n  <w:LsdException Locked=\"false\" Priority=\"9\" QFormat=\"true\" Name=\"heading 6\"/>\r\n  <w:LsdException Locked=\"false\" Priority=\"9\" QFormat=\"true\" Name=\"heading 7\"/>\r\n  <w:LsdException Locked=\"false\" Priority=\"9\" QFormat=\"true\" Name=\"heading 8\"/>\r\n  <w:LsdException Locked=\"false\" Priority=\"9\" QFormat=\"true\" Name=\"heading 9\"/>\r\n  <w:LsdException Locked=\"false\" Priority=\"39\" Name=\"toc 1\"/>\r\n  <w:LsdException Locked=\"false\" Priority=\"39\" Name=\"toc 2\"/>\r\n  <w:LsdException Locked=\"false\" Priority=\"39\" Name=\"toc 3\"/>\r\n  <w:LsdException Locked=\"false\" Priority=\"39\" Name=\"toc 4\"/>\r\n  <w:LsdException Locked=\"false\" Priority=\"39\" Name=\"toc 5\"/>\r\n  <w:LsdException Locked=\"false\" Priority=\"39\" Name=\"toc 6\"/>\r\n  <w:LsdException Locked=\"false\" Priority=\"39\" Name=\"toc 7\"/>\r\n  <w:LsdException Locked=\"false\" Priority=\"39\" Name=\"toc 8\"/>\r\n  <w:LsdException Locked=\"false\" Priority=\"39\" Name=\"toc 9\"/>\r\n  <w:LsdException Locked=\"false\" Priority=\"35\" QFormat=\"true\" Name=\"caption\"/>\r\n  <w:LsdException Locked=\"false\" Priority=\"10\" SemiHidden=\"false\"\r\n   UnhideWhenUsed=\"false\" QFormat=\"true\" Name=\"Title\"/>\r\n  <w:LsdException Locked=\"false\" Priority=\"0\" Name=\"Default Paragraph Font\"/>\r\n  <w:LsdException Locked=\"false\" Priority=\"11\" SemiHidden=\"false\"\r\n   UnhideWhenUsed=\"false\" QFormat=\"true\" Name=\"Subtitle\"/>\r\n  <w:LsdException Locked=\"false\" Priority=\"22\" SemiHidden=\"false\"\r\n   UnhideWhenUsed=\"false\" QFormat=\"true\" Name=\"Strong\"/>\r\n  <w:LsdException Locked=\"false\" Priority=\"20\" SemiHidden=\"false\"\r\n   UnhideWhenUsed=\"false\" QFormat=\"true\" Name=\"Emphasis\"/>\r\n  <w:LsdException Locked=\"false\" Priority=\"59\" SemiHidden=\"false\"\r\n   UnhideWhenUsed=\"false\" Name=\"Table Grid\"/>\r\n  <w:LsdException Locked=\"false\" UnhideWhenUsed=\"false\" Name=\"Placeholder Text\"/>\r\n  <w:LsdException Locked=\"false\" Priority=\"1\" SemiHidden=\"false\"\r\n   UnhideWhenUsed=\"false\" QFormat=\"true\" Name=\"No Spacing\"/>\r\n  <w:LsdException Locked=\"false\" Priority=\"60\" SemiHidden=\"false\"\r\n   UnhideWhenUsed=\"false\" Name=\"Light Shading\"/>\r\n  <w:LsdException Locked=\"false\" Priority=\"61\" SemiHidden=\"false\"\r\n   UnhideWhenUsed=\"false\" Name=\"Light List\"/>\r\n  <w:LsdException Locked=\"false\" Priority=\"62\" SemiHidden=\"false\"\r\n   UnhideWhenUsed=\"false\" Name=\"Light Grid\"/>\r\n  <w:LsdException Locked=\"false\" Priority=\"63\" SemiHidden=\"false\"\r\n   UnhideWhenUsed=\"false\" Name=\"Medium Shading 1\"/>\r\n  <w:LsdException Locked=\"false\" Priority=\"64\" SemiHidden=\"false\"\r\n   UnhideWhenUsed=\"false\" Name=\"Medium Shading 2\"/>\r\n  <w:LsdException Locked=\"false\" Priority=\"65\" SemiHidden=\"false\"\r\n   UnhideWhenUsed=\"false\" Name=\"Medium List 1\"/>\r\n  <w:LsdException Locked=\"false\" Priority=\"66\" SemiHidden=\"false\"\r\n   UnhideWhenUsed=\"false\" Name=\"Medium List 2\"/>\r\n  <w:LsdException Locked=\"false\" Priority=\"67\" SemiHidden=\"false\"\r\n   UnhideWhenUsed=\"false\" Name=\"Medium Grid 1\"/>\r\n  <w:LsdException Locked=\"false\" Priority=\"68\" SemiHidden=\"false\"\r\n   UnhideWhenUsed=\"false\" Name=\"Medium Grid 2\"/>\r\n  <w:LsdException Locked=\"false\" Priority=\"69\" SemiHidden=\"false\"\r\n   UnhideWhenUsed=\"false\" Name=\"Medium Grid 3\"/>\r\n  <w:LsdException Locked=\"false\" Priority=\"70\" SemiHidden=\"false\"\r\n   UnhideWhenUsed=\"false\" Name=\"Dark List\"/>\r\n  <w:LsdException Locked=\"false\" Priority=\"71\" SemiHidden=\"false\"\r\n   UnhideWhenUsed=\"false\" Name=\"Colorful Shading\"/>\r\n  <w:LsdException Locked=\"false\" Priority=\"72\" SemiHidden=\"false\"\r\n   UnhideWhenUsed=\"false\" Name=\"Colorful List\"/>\r\n  <w:LsdException Locked=\"false\" Priority=\"73\" SemiHidden=\"false\"\r\n   UnhideWhenUsed=\"false\" Name=\"Colorful Grid\"/>\r\n  <w:LsdException Locked=\"false\" Priority=\"60\" SemiHidden=\"false\"\r\n   UnhideWhenUsed=\"false\" Name=\"Light Shading Accent 1\"/>\r\n  <w:LsdException Locked=\"false\" Priority=\"61\" SemiHidden=\"false\"\r\n   UnhideWhenUsed=\"false\" Name=\"Light List Accent 1\"/>\r\n  <w:LsdException Locked=\"false\" Priority=\"62\" SemiHidden=\"false\"\r\n   UnhideWhenUsed=\"false\" Name=\"Light Grid Accent 1\"/>\r\n  <w:LsdException Locked=\"false\" Priority=\"63\" SemiHidden=\"false\"\r\n   UnhideWhenUsed=\"false\" Name=\"Medium Shading 1 Accent 1\"/>\r\n  <w:LsdException Locked=\"false\" Priority=\"64\" SemiHidden=\"false\"\r\n   UnhideWhenUsed=\"false\" Name=\"Medium Shading 2 Accent 1\"/>\r\n  <w:LsdException Locked=\"false\" Priority=\"65\" SemiHidden=\"false\"\r\n   UnhideWhenUsed=\"false\" Name=\"Medium List 1 Accent 1\"/>\r\n  <w:LsdException Locked=\"false\" UnhideWhenUsed=\"false\" Name=\"Revision\"/>\r\n  <w:LsdException Locked=\"false\" Priority=\"34\" SemiHidden=\"false\"\r\n   UnhideWhenUsed=\"false\" QFormat=\"true\" Name=\"List Paragraph\"/>\r\n  <w:LsdException Locked=\"false\" Priority=\"29\" SemiHidden=\"false\"\r\n   UnhideWhenUsed=\"false\" QFormat=\"true\" Name=\"Quote\"/>\r\n  <w:LsdException Locked=\"false\" Priority=\"30\" SemiHidden=\"false\"\r\n   UnhideWhenUsed=\"false\" QFormat=\"true\" Name=\"Intense Quote\"/>\r\n  <w:LsdException Locked=\"false\" Priority=\"66\" SemiHidden=\"false\"\r\n   UnhideWhenUsed=\"false\" Name=\"Medium List 2 Accent 1\"/>\r\n  <w:LsdException Locked=\"false\" Priority=\"67\" SemiHidden=\"false\"\r\n   UnhideWhenUsed=\"false\" Name=\"Medium Grid 1 Accent 1\"/>\r\n  <w:LsdException Locked=\"false\" Priority=\"68\" SemiHidden=\"false\"\r\n   UnhideWhenUsed=\"false\" Name=\"Medium Grid 2 Accent 1\"/>\r\n  <w:LsdException Locked=\"false\" Priority=\"69\" SemiHidden=\"false\"\r\n   UnhideWhenUsed=\"false\" Name=\"Medium Grid 3 Accent 1\"/>\r\n  <w:LsdException Locked=\"false\" Priority=\"70\" SemiHidden=\"false\"\r\n   UnhideWhenUsed=\"false\" Name=\"Dark List Accent 1\"/>\r\n  <w:LsdException Locked=\"false\" Priority=\"71\" SemiHidden=\"false\"\r\n   UnhideWhenUsed=\"false\" Name=\"Colorful Shading Accent 1\"/>\r\n  <w:LsdException Locked=\"false\" Priority=\"72\" SemiHidden=\"false\"\r\n   UnhideWhenUsed=\"false\" Name=\"Colorful List Accent 1\"/>\r\n  <w:LsdException Locked=\"false\" Priority=\"73\" SemiHidden=\"false\"\r\n   UnhideWhenUsed=\"false\" Name=\"Colorful Grid Accent 1\"/>\r\n  <w:LsdException Locked=\"false\" Priority=\"60\" SemiHidden=\"false\"\r\n   UnhideWhenUsed=\"false\" Name=\"Light Shading Accent 2\"/>\r\n  <w:LsdException Locked=\"false\" Priority=\"61\" SemiHidden=\"false\"\r\n   UnhideWhenUsed=\"false\" Name=\"Light List Accent 2\"/>\r\n  <w:LsdException Locked=\"false\" Priority=\"62\" SemiHidden=\"false\"\r\n   UnhideWhenUsed=\"false\" Name=\"Light Grid Accent 2\"/>\r\n  <w:LsdException Locked=\"false\" Priority=\"63\" SemiHidden=\"false\"\r\n   UnhideWhenUsed=\"false\" Name=\"Medium Shading 1 Accent 2\"/>\r\n  <w:LsdException Locked=\"false\" Priority=\"64\" SemiHidden=\"false\"\r\n   UnhideWhenUsed=\"false\" Name=\"Medium Shading 2 Accent 2\"/>\r\n  <w:LsdException Locked=\"false\" Priority=\"65\" SemiHidden=\"false\"\r\n   UnhideWhenUsed=\"false\" Name=\"Medium List 1 Accent 2\"/>\r\n  <w:LsdException Locked=\"false\" Priority=\"66\" SemiHidden=\"false\"\r\n   UnhideWhenUsed=\"false\" Name=\"Medium List 2 Accent 2\"/>\r\n  <w:LsdException Locked=\"false\" Priority=\"67\" SemiHidden=\"false\"\r\n   UnhideWhenUsed=\"false\" Name=\"Medium Grid 1 Accent 2\"/>\r\n  <w:LsdException Locked=\"false\" Priority=\"68\" SemiHidden=\"false\"\r\n   UnhideWhenUsed=\"false\" Name=\"Medium Grid 2 Accent 2\"/>\r\n  <w:LsdException Locked=\"false\" Priority=\"69\" SemiHidden=\"false\"\r\n   UnhideWhenUsed=\"false\" Name=\"Medium Grid 3 Accent 2\"/>\r\n  <w:LsdException Locked=\"false\" Priority=\"70\" SemiHidden=\"false\"\r\n   UnhideWhenUsed=\"false\" Name=\"Dark List Accent 2\"/>\r\n  <w:LsdException Locked=\"false\" Priority=\"71\" SemiHidden=\"false\"\r\n   UnhideWhenUsed=\"false\" Name=\"Colorful Shading Accent 2\"/>\r\n  <w:LsdException Locked=\"false\" Priority=\"72\" SemiHidden=\"false\"\r\n   UnhideWhenUsed=\"false\" Name=\"Colorful List Accent 2\"/>\r\n  <w:LsdException Locked=\"false\" Priority=\"73\" SemiHidden=\"false\"\r\n   UnhideWhenUsed=\"false\" Name=\"Colorful Grid Accent 2\"/>\r\n  <w:LsdException Locked=\"false\" Priority=\"60\" SemiHidden=\"false\"\r\n   UnhideWhenUsed=\"false\" Name=\"Light Shading Accent 3\"/>\r\n  <w:LsdException Locked=\"false\" Priority=\"61\" SemiHidden=\"false\"\r\n   UnhideWhenUsed=\"false\" Name=\"Light List Accent 3\"/>\r\n  <w:LsdException Locked=\"false\" Priority=\"62\" SemiHidden=\"false\"\r\n   UnhideWhenUsed=\"false\" Name=\"Light Grid Accent 3\"/>\r\n  <w:LsdException Locked=\"false\" Priority=\"63\" SemiHidden=\"false\"\r\n   UnhideWhenUsed=\"false\" Name=\"Medium Shading 1 Accent 3\"/>\r\n  <w:LsdException Locked=\"false\" Priority=\"64\" SemiHidden=\"false\"\r\n   UnhideWhenUsed=\"false\" Name=\"Medium Shading 2 Accent 3\"/>\r\n  <w:LsdException Locked=\"false\" Priority=\"65\" SemiHidden=\"false\"\r\n   UnhideWhenUsed=\"false\" Name=\"Medium List 1 Accent 3\"/>\r\n  <w:LsdException Locked=\"false\" Priority=\"66\" SemiHidden=\"false\"\r\n   UnhideWhenUsed=\"false\" Name=\"Medium List 2 Accent 3\"/>\r\n  <w:LsdException Locked=\"false\" Priority=\"67\" SemiHidden=\"false\"\r\n   UnhideWhenUsed=\"false\" Name=\"Medium Grid 1 Accent 3\"/>\r\n  <w:LsdException Locked=\"false\" Priority=\"68\" SemiHidden=\"false\"\r\n   UnhideWhenUsed=\"false\" Name=\"Medium Grid 2 Accent 3\"/>\r\n  <w:LsdException Locked=\"false\" Priority=\"69\" SemiHidden=\"false\"\r\n   UnhideWhenUsed=\"false\" Name=\"Medium Grid 3 Accent 3\"/>\r\n  <w:LsdException Locked=\"false\" Priority=\"70\" SemiHidden=\"false\"\r\n   UnhideWhenUsed=\"false\" Name=\"Dark List Accent 3\"/>\r\n  <w:LsdException Locked=\"false\" Priority=\"71\" SemiHidden=\"false\"\r\n   UnhideWhenUsed=\"false\" Name=\"Colorful Shading Accent 3\"/>\r\n  <w:LsdException Locked=\"false\" Priority=\"72\" SemiHidden=\"false\"\r\n   UnhideWhenUsed=\"false\" Name=\"Colorful List Accent 3\"/>\r\n  <w:LsdException Locked=\"false\" Priority=\"73\" SemiHidden=\"false\"\r\n   UnhideWhenUsed=\"false\" Name=\"Colorful Grid Accent 3\"/>\r\n  <w:LsdException Locked=\"false\" Priority=\"60\" SemiHidden=\"false\"\r\n   UnhideWhenUsed=\"false\" Name=\"Light Shading Accent 4\"/>\r\n  <w:LsdException Locked=\"false\" Priority=\"61\" SemiHidden=\"false\"\r\n   UnhideWhenUsed=\"false\" Name=\"Light List Accent 4\"/>\r\n  <w:LsdException Locked=\"false\" Priority=\"62\" SemiHidden=\"false\"\r\n   UnhideWhenUsed=\"false\" Name=\"Light Grid Accent 4\"/>\r\n  <w:LsdException Locked=\"false\" Priority=\"63\" SemiHidden=\"false\"\r\n   UnhideWhenUsed=\"false\" Name=\"Medium Shading 1 Accent 4\"/>\r\n  <w:LsdException Locked=\"false\" Priority=\"64\" SemiHidden=\"false\"\r\n   UnhideWhenUsed=\"false\" Name=\"Medium Shading 2 Accent 4\"/>\r\n  <w:LsdException Locked=\"false\" Priority=\"65\" SemiHidden=\"false\"\r\n   UnhideWhenUsed=\"false\" Name=\"Medium List 1 Accent 4\"/>\r\n  <w:LsdException Locked=\"false\" Priority=\"66\" SemiHidden=\"false\"\r\n   UnhideWhenUsed=\"false\" Name=\"Medium List 2 Accent 4\"/>\r\n  <w:LsdException Locked=\"false\" Priority=\"67\" SemiHidden=\"false\"\r\n   UnhideWhenUsed=\"false\" Name=\"Medium Grid 1 Accent 4\"/>\r\n  <w:LsdException Locked=\"false\" Priority=\"68\" SemiHidden=\"false\"\r\n   UnhideWhenUsed=\"false\" Name=\"Medium Grid 2 Accent 4\"/>\r\n  <w:LsdException Locked=\"false\" Priority=\"69\" SemiHidden=\"false\"\r\n   UnhideWhenUsed=\"false\" Name=\"Medium Grid 3 Accent 4\"/>\r\n  <w:LsdException Locked=\"false\" Priority=\"70\" SemiHidden=\"false\"\r\n   UnhideWhenUsed=\"false\" Name=\"Dark List Accent 4\"/>\r\n  <w:LsdException Locked=\"false\" Priority=\"71\" SemiHidden=\"false\"\r\n   UnhideWhenUsed=\"false\" Name=\"Colorful Shading Accent 4\"/>\r\n  <w:LsdException Locked=\"false\" Priority=\"72\" SemiHidden=\"false\"\r\n   UnhideWhenUsed=\"false\" Name=\"Colorful List Accent 4\"/>\r\n  <w:LsdException Locked=\"false\" Priority=\"73\" SemiHidden=\"false\"\r\n   UnhideWhenUsed=\"false\" Name=\"Colorful Grid Accent 4\"/>\r\n  <w:LsdException Locked=\"false\" Priority=\"60\" SemiHidden=\"false\"\r\n   UnhideWhenUsed=\"false\" Name=\"Light Shading Accent 5\"/>\r\n  <w:LsdException Locked=\"false\" Priority=\"61\" SemiHidden=\"false\"\r\n   UnhideWhenUsed=\"false\" Name=\"Light List Accent 5\"/>\r\n  <w:LsdException Locked=\"false\" Priority=\"62\" SemiHidden=\"false\"\r\n   UnhideWhenUsed=\"false\" Name=\"Light Grid Accent 5\"/>\r\n  <w:LsdException Locked=\"false\" Priority=\"63\" SemiHidden=\"false\"\r\n   UnhideWhenUsed=\"false\" Name=\"Medium Shading 1 Accent 5\"/>\r\n  <w:LsdException Locked=\"false\" Priority=\"64\" SemiHidden=\"false\"\r\n   UnhideWhenUsed=\"false\" Name=\"Medium Shading 2 Accent 5\"/>\r\n  <w:LsdException Locked=\"false\" Priority=\"65\" SemiHidden=\"false\"\r\n   UnhideWhenUsed=\"false\" Name=\"Medium List 1 Accent 5\"/>\r\n  <w:LsdException Locked=\"false\" Priority=\"66\" SemiHidden=\"false\"\r\n   UnhideWhenUsed=\"false\" Name=\"Medium List 2 Accent 5\"/>\r\n  <w:LsdException Locked=\"false\" Priority=\"67\" SemiHidden=\"false\"\r\n   UnhideWhenUsed=\"false\" Name=\"Medium Grid 1 Accent 5\"/>\r\n  <w:LsdException Locked=\"false\" Priority=\"68\" SemiHidden=\"false\"\r\n   UnhideWhenUsed=\"false\" Name=\"Medium Grid 2 Accent 5\"/>\r\n  <w:LsdException Locked=\"false\" Priority=\"69\" SemiHidden=\"false\"\r\n   UnhideWhenUsed=\"false\" Name=\"Medium Grid 3 Accent 5\"/>\r\n  <w:LsdException Locked=\"false\" Priority=\"70\" SemiHidden=\"false\"\r\n   UnhideWhenUsed=\"false\" Name=\"Dark List Accent 5\"/>\r\n  <w:LsdException Locked=\"false\" Priority=\"71\" SemiHidden=\"false\"\r\n   UnhideWhenUsed=\"false\" Name=\"Colorful Shading Accent 5\"/>\r\n  <w:LsdException Locked=\"false\" Priority=\"72\" SemiHidden=\"false\"\r\n   UnhideWhenUsed=\"false\" Name=\"Colorful List Accent 5\"/>\r\n  <w:LsdException Locked=\"false\" Priority=\"73\" SemiHidden=\"false\"\r\n   UnhideWhenUsed=\"false\" Name=\"Colorful Grid Accent 5\"/>\r\n  <w:LsdException Locked=\"false\" Priority=\"60\" SemiHidden=\"false\"\r\n   UnhideWhenUsed=\"false\" Name=\"Light Shading Accent 6\"/>\r\n  <w:LsdException Locked=\"false\" Priority=\"61\" SemiHidden=\"false\"\r\n   UnhideWhenUsed=\"false\" Name=\"Light List Accent 6\"/>\r\n  <w:LsdException Locked=\"false\" Priority=\"62\" SemiHidden=\"false\"\r\n   UnhideWhenUsed=\"false\" Name=\"Light Grid Accent 6\"/>\r\n  <w:LsdException Locked=\"false\" Priority=\"63\" SemiHidden=\"false\"\r\n   UnhideWhenUsed=\"false\" Name=\"Medium Shading 1 Accent 6\"/>\r\n  <w:LsdException Locked=\"false\" Priority=\"64\" SemiHidden=\"false\"\r\n   UnhideWhenUsed=\"false\" Name=\"Medium Shading 2 Accent 6\"/>\r\n  <w:LsdException Locked=\"false\" Priority=\"65\" SemiHidden=\"false\"\r\n   UnhideWhenUsed=\"false\" Name=\"Medium List 1 Accent 6\"/>\r\n  <w:LsdException Locked=\"false\" Priority=\"66\" SemiHidden=\"false\"\r\n   UnhideWhenUsed=\"false\" Name=\"Medium List 2 Accent 6\"/>\r\n  <w:LsdException Locked=\"false\" Priority=\"67\" SemiHidden=\"false\"\r\n   UnhideWhenUsed=\"false\" Name=\"Medium Grid 1 Accent 6\"/>\r\n  <w:LsdException Locked=\"false\" Priority=\"68\" SemiHidden=\"false\"\r\n   UnhideWhenUsed=\"false\" Name=\"Medium Grid 2 Accent 6\"/>\r\n  <w:LsdException Locked=\"false\" Priority=\"69\" SemiHidden=\"false\"\r\n   UnhideWhenUsed=\"false\" Name=\"Medium Grid 3 Accent 6\"/>\r\n  <w:LsdException Locked=\"false\" Priority=\"70\" SemiHidden=\"false\"\r\n   UnhideWhenUsed=\"false\" Name=\"Dark List Accent 6\"/>\r\n  <w:LsdException Locked=\"false\" Priority=\"71\" SemiHidden=\"false\"\r\n   UnhideWhenUsed=\"false\" Name=\"Colorful Shading Accent 6\"/>\r\n  <w:LsdException Locked=\"false\" Priority=\"72\" SemiHidden=\"false\"\r\n   UnhideWhenUsed=\"false\" Name=\"Colorful List Accent 6\"/>\r\n  <w:LsdException Locked=\"false\" Priority=\"73\" SemiHidden=\"false\"\r\n   UnhideWhenUsed=\"false\" Name=\"Colorful Grid Accent 6\"/>\r\n  <w:LsdException Locked=\"false\" Priority=\"19\" SemiHidden=\"false\"\r\n   UnhideWhenUsed=\"false\" QFormat=\"true\" Name=\"Subtle Emphasis\"/>\r\n  <w:LsdException Locked=\"false\" Priority=\"21\" SemiHidden=\"false\"\r\n   UnhideWhenUsed=\"false\" QFormat=\"true\" Name=\"Intense Emphasis\"/>\r\n  <w:LsdException Locked=\"false\" Priority=\"31\" SemiHidden=\"false\"\r\n   UnhideWhenUsed=\"false\" QFormat=\"true\" Name=\"Subtle Reference\"/>\r\n  <w:LsdException Locked=\"false\" Priority=\"32\" SemiHidden=\"false\"\r\n   UnhideWhenUsed=\"false\" QFormat=\"true\" Name=\"Intense Reference\"/>\r\n  <w:LsdException Locked=\"false\" Priority=\"33\" SemiHidden=\"false\"\r\n   UnhideWhenUsed=\"false\" QFormat=\"true\" Name=\"Book Title\"/>\r\n  <w:LsdException Locked=\"false\" Priority=\"37\" Name=\"Bibliography\"/>\r\n  <w:LsdException Locked=\"false\" Priority=\"39\" QFormat=\"true\" Name=\"TOC Heading\"/>\r\n </w:LatentStyles>\r\n</xml><![endif]--> <!-- [if gte mso 10]>\r\n<style>\r\n /* Style Definitions */\r\ntable.MsoNormalTable\r\n	{mso-style-name:\"Table Normal\";\r\n	mso-tstyle-rowband-size:0;\r\n	mso-tstyle-colband-size:0;\r\n	mso-style-noshow:yes;\r\n	mso-style-priority:99;\r\n	mso-style-parent:\"\";\r\n	mso-padding-alt:0cm 5.4pt 0cm 5.4pt;\r\n	mso-para-margin:0cm;\r\n	mso-para-margin-bottom:.0001pt;\r\n	mso-pagination:widow-orphan;\r\n	font-size:10.0pt;\r\n	font-family:\"Times New Roman\";}\r\n</style>\r\n<![endif]--> <!--StartFragment--> <!--EndFragment--></p>\r\n<p class=\"MsoNormal\" style=\"text-align: justify;\">Khalifa Fund for Enterprise Development had appointed Artica to design and build their three new upcoming offices in Ajman, Fujairah and Ras Al Khaimah. Artica was&nbsp; fortunate &amp; blessed to work with Khalifa Fund as a chosen local office among the international community. The design philosophy centred around creating an office space complementing the contributions of the Khalifa Fund in promoting the local entrepreneurial talent. The overall design was contemporary reflecting the growth and prosperity of the UAE as well as retaining the traditional culture of the region. The three offices were built with exceptional quality and delivered to the client in record time for their expansion.</p>','commercial'),(3,'images/project3.jpg','Khalifa Fund Office - Fujairah','<p style=\"text-align: justify;\"><!-- [if gte mso 9]><xml>\r\n <o:DocumentProperties>\r\n  <o:Revision>0</o:Revision>\r\n  <o:TotalTime>0</o:TotalTime>\r\n  <o:Pages>1</o:Pages>\r\n  <o:Words>103</o:Words>\r\n  <o:Characters>592</o:Characters>\r\n  <o:Company>Incubasys</o:Company>\r\n  <o:Lines>4</o:Lines>\r\n  <o:Paragraphs>1</o:Paragraphs>\r\n  <o:CharactersWithSpaces>694</o:CharactersWithSpaces>\r\n  <o:Version>14.0</o:Version>\r\n </o:DocumentProperties>\r\n <o:OfficeDocumentSettings>\r\n  <o:PixelsPerInch>96</o:PixelsPerInch>\r\n  <o:TargetScreenSize>800x600</o:TargetScreenSize>\r\n </o:OfficeDocumentSettings>\r\n</xml><![endif]--> <!-- [if gte mso 9]><xml>\r\n <w:WordDocument>\r\n  <w:View>Normal</w:View>\r\n  <w:Zoom>0</w:Zoom>\r\n  <w:TrackMoves/>\r\n  <w:TrackFormatting/>\r\n  <w:PunctuationKerning/>\r\n  <w:ValidateAgainstSchemas/>\r\n  <w:SaveIfXMLInvalid>false</w:SaveIfXMLInvalid>\r\n  <w:IgnoreMixedContent>false</w:IgnoreMixedContent>\r\n  <w:AlwaysShowPlaceholderText>false</w:AlwaysShowPlaceholderText>\r\n  <w:DoNotPromoteQF/>\r\n  <w:LidThemeOther>EN-US</w:LidThemeOther>\r\n  <w:LidThemeAsian>JA</w:LidThemeAsian>\r\n  <w:LidThemeComplexScript>X-NONE</w:LidThemeComplexScript>\r\n  <w:Compatibility>\r\n   <w:BreakWrappedTables/>\r\n   <w:SnapToGridInCell/>\r\n   <w:WrapTextWithPunct/>\r\n   <w:UseAsianBreakRules/>\r\n   <w:DontGrowAutofit/>\r\n   <w:SplitPgBreakAndParaMark/>\r\n   <w:EnableOpenTypeKerning/>\r\n   <w:DontFlipMirrorIndents/>\r\n   <w:OverrideTableStyleHps/>\r\n  </w:Compatibility>\r\n  <m:mathPr>\r\n   <m:mathFont m:val=\"Cambria Math\"/>\r\n   <m:brkBin m:val=\"before\"/>\r\n   <m:brkBinSub m:val=\"--\"/>\r\n   <m:smallFrac m:val=\"off\"/>\r\n   <m:dispDef/>\r\n   <m:lMargin m:val=\"0\"/>\r\n   <m:rMargin m:val=\"0\"/>\r\n   <m:defJc m:val=\"centerGroup\"/>\r\n   <m:wrapIndent m:val=\"1440\"/>\r\n   <m:intLim m:val=\"subSup\"/>\r\n   <m:naryLim m:val=\"undOvr\"/>\r\n  </m:mathPr></w:WordDocument>\r\n</xml><![endif]--><!-- [if gte mso 9]><xml>\r\n <w:LatentStyles DefLockedState=\"false\" DefUnhideWhenUsed=\"true\"\r\n  DefSemiHidden=\"true\" DefQFormat=\"false\" DefPriority=\"99\"\r\n  LatentStyleCount=\"276\">\r\n  <w:LsdException Locked=\"false\" Priority=\"0\" SemiHidden=\"false\"\r\n   UnhideWhenUsed=\"false\" QFormat=\"true\" Name=\"Normal\"/>\r\n  <w:LsdException Locked=\"false\" Priority=\"9\" SemiHidden=\"false\"\r\n   UnhideWhenUsed=\"false\" QFormat=\"true\" Name=\"heading 1\"/>\r\n  <w:LsdException Locked=\"false\" Priority=\"9\" QFormat=\"true\" Name=\"heading 2\"/>\r\n  <w:LsdException Locked=\"false\" Priority=\"9\" QFormat=\"true\" Name=\"heading 3\"/>\r\n  <w:LsdException Locked=\"false\" Priority=\"9\" QFormat=\"true\" Name=\"heading 4\"/>\r\n  <w:LsdException Locked=\"false\" Priority=\"9\" QFormat=\"true\" Name=\"heading 5\"/>\r\n  <w:LsdException Locked=\"false\" Priority=\"9\" QFormat=\"true\" Name=\"heading 6\"/>\r\n  <w:LsdException Locked=\"false\" Priority=\"9\" QFormat=\"true\" Name=\"heading 7\"/>\r\n  <w:LsdException Locked=\"false\" Priority=\"9\" QFormat=\"true\" Name=\"heading 8\"/>\r\n  <w:LsdException Locked=\"false\" Priority=\"9\" QFormat=\"true\" Name=\"heading 9\"/>\r\n  <w:LsdException Locked=\"false\" Priority=\"39\" Name=\"toc 1\"/>\r\n  <w:LsdException Locked=\"false\" Priority=\"39\" Name=\"toc 2\"/>\r\n  <w:LsdException Locked=\"false\" Priority=\"39\" Name=\"toc 3\"/>\r\n  <w:LsdException Locked=\"false\" Priority=\"39\" Name=\"toc 4\"/>\r\n  <w:LsdException Locked=\"false\" Priority=\"39\" Name=\"toc 5\"/>\r\n  <w:LsdException Locked=\"false\" Priority=\"39\" Name=\"toc 6\"/>\r\n  <w:LsdException Locked=\"false\" Priority=\"39\" Name=\"toc 7\"/>\r\n  <w:LsdException Locked=\"false\" Priority=\"39\" Name=\"toc 8\"/>\r\n  <w:LsdException Locked=\"false\" Priority=\"39\" Name=\"toc 9\"/>\r\n  <w:LsdException Locked=\"false\" Priority=\"35\" QFormat=\"true\" Name=\"caption\"/>\r\n  <w:LsdException Locked=\"false\" Priority=\"10\" SemiHidden=\"false\"\r\n   UnhideWhenUsed=\"false\" QFormat=\"true\" Name=\"Title\"/>\r\n  <w:LsdException Locked=\"false\" Priority=\"0\" Name=\"Default Paragraph Font\"/>\r\n  <w:LsdException Locked=\"false\" Priority=\"11\" SemiHidden=\"false\"\r\n   UnhideWhenUsed=\"false\" QFormat=\"true\" Name=\"Subtitle\"/>\r\n  <w:LsdException Locked=\"false\" Priority=\"22\" SemiHidden=\"false\"\r\n   UnhideWhenUsed=\"false\" QFormat=\"true\" Name=\"Strong\"/>\r\n  <w:LsdException Locked=\"false\" Priority=\"20\" SemiHidden=\"false\"\r\n   UnhideWhenUsed=\"false\" QFormat=\"true\" Name=\"Emphasis\"/>\r\n  <w:LsdException Locked=\"false\" Priority=\"59\" SemiHidden=\"false\"\r\n   UnhideWhenUsed=\"false\" Name=\"Table Grid\"/>\r\n  <w:LsdException Locked=\"false\" UnhideWhenUsed=\"false\" Name=\"Placeholder Text\"/>\r\n  <w:LsdException Locked=\"false\" Priority=\"1\" SemiHidden=\"false\"\r\n   UnhideWhenUsed=\"false\" QFormat=\"true\" Name=\"No Spacing\"/>\r\n  <w:LsdException Locked=\"false\" Priority=\"60\" SemiHidden=\"false\"\r\n   UnhideWhenUsed=\"false\" Name=\"Light Shading\"/>\r\n  <w:LsdException Locked=\"false\" Priority=\"61\" SemiHidden=\"false\"\r\n   UnhideWhenUsed=\"false\" Name=\"Light List\"/>\r\n  <w:LsdException Locked=\"false\" Priority=\"62\" SemiHidden=\"false\"\r\n   UnhideWhenUsed=\"false\" Name=\"Light Grid\"/>\r\n  <w:LsdException Locked=\"false\" Priority=\"63\" SemiHidden=\"false\"\r\n   UnhideWhenUsed=\"false\" Name=\"Medium Shading 1\"/>\r\n  <w:LsdException Locked=\"false\" Priority=\"64\" SemiHidden=\"false\"\r\n   UnhideWhenUsed=\"false\" Name=\"Medium Shading 2\"/>\r\n  <w:LsdException Locked=\"false\" Priority=\"65\" SemiHidden=\"false\"\r\n   UnhideWhenUsed=\"false\" Name=\"Medium List 1\"/>\r\n  <w:LsdException Locked=\"false\" Priority=\"66\" SemiHidden=\"false\"\r\n   UnhideWhenUsed=\"false\" Name=\"Medium List 2\"/>\r\n  <w:LsdException Locked=\"false\" Priority=\"67\" SemiHidden=\"false\"\r\n   UnhideWhenUsed=\"false\" Name=\"Medium Grid 1\"/>\r\n  <w:LsdException Locked=\"false\" Priority=\"68\" SemiHidden=\"false\"\r\n   UnhideWhenUsed=\"false\" Name=\"Medium Grid 2\"/>\r\n  <w:LsdException Locked=\"false\" Priority=\"69\" SemiHidden=\"false\"\r\n   UnhideWhenUsed=\"false\" Name=\"Medium Grid 3\"/>\r\n  <w:LsdException Locked=\"false\" Priority=\"70\" SemiHidden=\"false\"\r\n   UnhideWhenUsed=\"false\" Name=\"Dark List\"/>\r\n  <w:LsdException Locked=\"false\" Priority=\"71\" SemiHidden=\"false\"\r\n   UnhideWhenUsed=\"false\" Name=\"Colorful Shading\"/>\r\n  <w:LsdException Locked=\"false\" Priority=\"72\" SemiHidden=\"false\"\r\n   UnhideWhenUsed=\"false\" Name=\"Colorful List\"/>\r\n  <w:LsdException Locked=\"false\" Priority=\"73\" SemiHidden=\"false\"\r\n   UnhideWhenUsed=\"false\" Name=\"Colorful Grid\"/>\r\n  <w:LsdException Locked=\"false\" Priority=\"60\" SemiHidden=\"false\"\r\n   UnhideWhenUsed=\"false\" Name=\"Light Shading Accent 1\"/>\r\n  <w:LsdException Locked=\"false\" Priority=\"61\" SemiHidden=\"false\"\r\n   UnhideWhenUsed=\"false\" Name=\"Light List Accent 1\"/>\r\n  <w:LsdException Locked=\"false\" Priority=\"62\" SemiHidden=\"false\"\r\n   UnhideWhenUsed=\"false\" Name=\"Light Grid Accent 1\"/>\r\n  <w:LsdException Locked=\"false\" Priority=\"63\" SemiHidden=\"false\"\r\n   UnhideWhenUsed=\"false\" Name=\"Medium Shading 1 Accent 1\"/>\r\n  <w:LsdException Locked=\"false\" Priority=\"64\" SemiHidden=\"false\"\r\n   UnhideWhenUsed=\"false\" Name=\"Medium Shading 2 Accent 1\"/>\r\n  <w:LsdException Locked=\"false\" Priority=\"65\" SemiHidden=\"false\"\r\n   UnhideWhenUsed=\"false\" Name=\"Medium List 1 Accent 1\"/>\r\n  <w:LsdException Locked=\"false\" UnhideWhenUsed=\"false\" Name=\"Revision\"/>\r\n  <w:LsdException Locked=\"false\" Priority=\"34\" SemiHidden=\"false\"\r\n   UnhideWhenUsed=\"false\" QFormat=\"true\" Name=\"List Paragraph\"/>\r\n  <w:LsdException Locked=\"false\" Priority=\"29\" SemiHidden=\"false\"\r\n   UnhideWhenUsed=\"false\" QFormat=\"true\" Name=\"Quote\"/>\r\n  <w:LsdException Locked=\"false\" Priority=\"30\" SemiHidden=\"false\"\r\n   UnhideWhenUsed=\"false\" QFormat=\"true\" Name=\"Intense Quote\"/>\r\n  <w:LsdException Locked=\"false\" Priority=\"66\" SemiHidden=\"false\"\r\n   UnhideWhenUsed=\"false\" Name=\"Medium List 2 Accent 1\"/>\r\n  <w:LsdException Locked=\"false\" Priority=\"67\" SemiHidden=\"false\"\r\n   UnhideWhenUsed=\"false\" Name=\"Medium Grid 1 Accent 1\"/>\r\n  <w:LsdException Locked=\"false\" Priority=\"68\" SemiHidden=\"false\"\r\n   UnhideWhenUsed=\"false\" Name=\"Medium Grid 2 Accent 1\"/>\r\n  <w:LsdException Locked=\"false\" Priority=\"69\" SemiHidden=\"false\"\r\n   UnhideWhenUsed=\"false\" Name=\"Medium Grid 3 Accent 1\"/>\r\n  <w:LsdException Locked=\"false\" Priority=\"70\" SemiHidden=\"false\"\r\n   UnhideWhenUsed=\"false\" Name=\"Dark List Accent 1\"/>\r\n  <w:LsdException Locked=\"false\" Priority=\"71\" SemiHidden=\"false\"\r\n   UnhideWhenUsed=\"false\" Name=\"Colorful Shading Accent 1\"/>\r\n  <w:LsdException Locked=\"false\" Priority=\"72\" SemiHidden=\"false\"\r\n   UnhideWhenUsed=\"false\" Name=\"Colorful List Accent 1\"/>\r\n  <w:LsdException Locked=\"false\" Priority=\"73\" SemiHidden=\"false\"\r\n   UnhideWhenUsed=\"false\" Name=\"Colorful Grid Accent 1\"/>\r\n  <w:LsdException Locked=\"false\" Priority=\"60\" SemiHidden=\"false\"\r\n   UnhideWhenUsed=\"false\" Name=\"Light Shading Accent 2\"/>\r\n  <w:LsdException Locked=\"false\" Priority=\"61\" SemiHidden=\"false\"\r\n   UnhideWhenUsed=\"false\" Name=\"Light List Accent 2\"/>\r\n  <w:LsdException Locked=\"false\" Priority=\"62\" SemiHidden=\"false\"\r\n   UnhideWhenUsed=\"false\" Name=\"Light Grid Accent 2\"/>\r\n  <w:LsdException Locked=\"false\" Priority=\"63\" SemiHidden=\"false\"\r\n   UnhideWhenUsed=\"false\" Name=\"Medium Shading 1 Accent 2\"/>\r\n  <w:LsdException Locked=\"false\" Priority=\"64\" SemiHidden=\"false\"\r\n   UnhideWhenUsed=\"false\" Name=\"Medium Shading 2 Accent 2\"/>\r\n  <w:LsdException Locked=\"false\" Priority=\"65\" SemiHidden=\"false\"\r\n   UnhideWhenUsed=\"false\" Name=\"Medium List 1 Accent 2\"/>\r\n  <w:LsdException Locked=\"false\" Priority=\"66\" SemiHidden=\"false\"\r\n   UnhideWhenUsed=\"false\" Name=\"Medium List 2 Accent 2\"/>\r\n  <w:LsdException Locked=\"false\" Priority=\"67\" SemiHidden=\"false\"\r\n   UnhideWhenUsed=\"false\" Name=\"Medium Grid 1 Accent 2\"/>\r\n  <w:LsdException Locked=\"false\" Priority=\"68\" SemiHidden=\"false\"\r\n   UnhideWhenUsed=\"false\" Name=\"Medium Grid 2 Accent 2\"/>\r\n  <w:LsdException Locked=\"false\" Priority=\"69\" SemiHidden=\"false\"\r\n   UnhideWhenUsed=\"false\" Name=\"Medium Grid 3 Accent 2\"/>\r\n  <w:LsdException Locked=\"false\" Priority=\"70\" SemiHidden=\"false\"\r\n   UnhideWhenUsed=\"false\" Name=\"Dark List Accent 2\"/>\r\n  <w:LsdException Locked=\"false\" Priority=\"71\" SemiHidden=\"false\"\r\n   UnhideWhenUsed=\"false\" Name=\"Colorful Shading Accent 2\"/>\r\n  <w:LsdException Locked=\"false\" Priority=\"72\" SemiHidden=\"false\"\r\n   UnhideWhenUsed=\"false\" Name=\"Colorful List Accent 2\"/>\r\n  <w:LsdException Locked=\"false\" Priority=\"73\" SemiHidden=\"false\"\r\n   UnhideWhenUsed=\"false\" Name=\"Colorful Grid Accent 2\"/>\r\n  <w:LsdException Locked=\"false\" Priority=\"60\" SemiHidden=\"false\"\r\n   UnhideWhenUsed=\"false\" Name=\"Light Shading Accent 3\"/>\r\n  <w:LsdException Locked=\"false\" Priority=\"61\" SemiHidden=\"false\"\r\n   UnhideWhenUsed=\"false\" Name=\"Light List Accent 3\"/>\r\n  <w:LsdException Locked=\"false\" Priority=\"62\" SemiHidden=\"false\"\r\n   UnhideWhenUsed=\"false\" Name=\"Light Grid Accent 3\"/>\r\n  <w:LsdException Locked=\"false\" Priority=\"63\" SemiHidden=\"false\"\r\n   UnhideWhenUsed=\"false\" Name=\"Medium Shading 1 Accent 3\"/>\r\n  <w:LsdException Locked=\"false\" Priority=\"64\" SemiHidden=\"false\"\r\n   UnhideWhenUsed=\"false\" Name=\"Medium Shading 2 Accent 3\"/>\r\n  <w:LsdException Locked=\"false\" Priority=\"65\" SemiHidden=\"false\"\r\n   UnhideWhenUsed=\"false\" Name=\"Medium List 1 Accent 3\"/>\r\n  <w:LsdException Locked=\"false\" Priority=\"66\" SemiHidden=\"false\"\r\n   UnhideWhenUsed=\"false\" Name=\"Medium List 2 Accent 3\"/>\r\n  <w:LsdException Locked=\"false\" Priority=\"67\" SemiHidden=\"false\"\r\n   UnhideWhenUsed=\"false\" Name=\"Medium Grid 1 Accent 3\"/>\r\n  <w:LsdException Locked=\"false\" Priority=\"68\" SemiHidden=\"false\"\r\n   UnhideWhenUsed=\"false\" Name=\"Medium Grid 2 Accent 3\"/>\r\n  <w:LsdException Locked=\"false\" Priority=\"69\" SemiHidden=\"false\"\r\n   UnhideWhenUsed=\"false\" Name=\"Medium Grid 3 Accent 3\"/>\r\n  <w:LsdException Locked=\"false\" Priority=\"70\" SemiHidden=\"false\"\r\n   UnhideWhenUsed=\"false\" Name=\"Dark List Accent 3\"/>\r\n  <w:LsdException Locked=\"false\" Priority=\"71\" SemiHidden=\"false\"\r\n   UnhideWhenUsed=\"false\" Name=\"Colorful Shading Accent 3\"/>\r\n  <w:LsdException Locked=\"false\" Priority=\"72\" SemiHidden=\"false\"\r\n   UnhideWhenUsed=\"false\" Name=\"Colorful List Accent 3\"/>\r\n  <w:LsdException Locked=\"false\" Priority=\"73\" SemiHidden=\"false\"\r\n   UnhideWhenUsed=\"false\" Name=\"Colorful Grid Accent 3\"/>\r\n  <w:LsdException Locked=\"false\" Priority=\"60\" SemiHidden=\"false\"\r\n   UnhideWhenUsed=\"false\" Name=\"Light Shading Accent 4\"/>\r\n  <w:LsdException Locked=\"false\" Priority=\"61\" SemiHidden=\"false\"\r\n   UnhideWhenUsed=\"false\" Name=\"Light List Accent 4\"/>\r\n  <w:LsdException Locked=\"false\" Priority=\"62\" SemiHidden=\"false\"\r\n   UnhideWhenUsed=\"false\" Name=\"Light Grid Accent 4\"/>\r\n  <w:LsdException Locked=\"false\" Priority=\"63\" SemiHidden=\"false\"\r\n   UnhideWhenUsed=\"false\" Name=\"Medium Shading 1 Accent 4\"/>\r\n  <w:LsdException Locked=\"false\" Priority=\"64\" SemiHidden=\"false\"\r\n   UnhideWhenUsed=\"false\" Name=\"Medium Shading 2 Accent 4\"/>\r\n  <w:LsdException Locked=\"false\" Priority=\"65\" SemiHidden=\"false\"\r\n   UnhideWhenUsed=\"false\" Name=\"Medium List 1 Accent 4\"/>\r\n  <w:LsdException Locked=\"false\" Priority=\"66\" SemiHidden=\"false\"\r\n   UnhideWhenUsed=\"false\" Name=\"Medium List 2 Accent 4\"/>\r\n  <w:LsdException Locked=\"false\" Priority=\"67\" SemiHidden=\"false\"\r\n   UnhideWhenUsed=\"false\" Name=\"Medium Grid 1 Accent 4\"/>\r\n  <w:LsdException Locked=\"false\" Priority=\"68\" SemiHidden=\"false\"\r\n   UnhideWhenUsed=\"false\" Name=\"Medium Grid 2 Accent 4\"/>\r\n  <w:LsdException Locked=\"false\" Priority=\"69\" SemiHidden=\"false\"\r\n   UnhideWhenUsed=\"false\" Name=\"Medium Grid 3 Accent 4\"/>\r\n  <w:LsdException Locked=\"false\" Priority=\"70\" SemiHidden=\"false\"\r\n   UnhideWhenUsed=\"false\" Name=\"Dark List Accent 4\"/>\r\n  <w:LsdException Locked=\"false\" Priority=\"71\" SemiHidden=\"false\"\r\n   UnhideWhenUsed=\"false\" Name=\"Colorful Shading Accent 4\"/>\r\n  <w:LsdException Locked=\"false\" Priority=\"72\" SemiHidden=\"false\"\r\n   UnhideWhenUsed=\"false\" Name=\"Colorful List Accent 4\"/>\r\n  <w:LsdException Locked=\"false\" Priority=\"73\" SemiHidden=\"false\"\r\n   UnhideWhenUsed=\"false\" Name=\"Colorful Grid Accent 4\"/>\r\n  <w:LsdException Locked=\"false\" Priority=\"60\" SemiHidden=\"false\"\r\n   UnhideWhenUsed=\"false\" Name=\"Light Shading Accent 5\"/>\r\n  <w:LsdException Locked=\"false\" Priority=\"61\" SemiHidden=\"false\"\r\n   UnhideWhenUsed=\"false\" Name=\"Light List Accent 5\"/>\r\n  <w:LsdException Locked=\"false\" Priority=\"62\" SemiHidden=\"false\"\r\n   UnhideWhenUsed=\"false\" Name=\"Light Grid Accent 5\"/>\r\n  <w:LsdException Locked=\"false\" Priority=\"63\" SemiHidden=\"false\"\r\n   UnhideWhenUsed=\"false\" Name=\"Medium Shading 1 Accent 5\"/>\r\n  <w:LsdException Locked=\"false\" Priority=\"64\" SemiHidden=\"false\"\r\n   UnhideWhenUsed=\"false\" Name=\"Medium Shading 2 Accent 5\"/>\r\n  <w:LsdException Locked=\"false\" Priority=\"65\" SemiHidden=\"false\"\r\n   UnhideWhenUsed=\"false\" Name=\"Medium List 1 Accent 5\"/>\r\n  <w:LsdException Locked=\"false\" Priority=\"66\" SemiHidden=\"false\"\r\n   UnhideWhenUsed=\"false\" Name=\"Medium List 2 Accent 5\"/>\r\n  <w:LsdException Locked=\"false\" Priority=\"67\" SemiHidden=\"false\"\r\n   UnhideWhenUsed=\"false\" Name=\"Medium Grid 1 Accent 5\"/>\r\n  <w:LsdException Locked=\"false\" Priority=\"68\" SemiHidden=\"false\"\r\n   UnhideWhenUsed=\"false\" Name=\"Medium Grid 2 Accent 5\"/>\r\n  <w:LsdException Locked=\"false\" Priority=\"69\" SemiHidden=\"false\"\r\n   UnhideWhenUsed=\"false\" Name=\"Medium Grid 3 Accent 5\"/>\r\n  <w:LsdException Locked=\"false\" Priority=\"70\" SemiHidden=\"false\"\r\n   UnhideWhenUsed=\"false\" Name=\"Dark List Accent 5\"/>\r\n  <w:LsdException Locked=\"false\" Priority=\"71\" SemiHidden=\"false\"\r\n   UnhideWhenUsed=\"false\" Name=\"Colorful Shading Accent 5\"/>\r\n  <w:LsdException Locked=\"false\" Priority=\"72\" SemiHidden=\"false\"\r\n   UnhideWhenUsed=\"false\" Name=\"Colorful List Accent 5\"/>\r\n  <w:LsdException Locked=\"false\" Priority=\"73\" SemiHidden=\"false\"\r\n   UnhideWhenUsed=\"false\" Name=\"Colorful Grid Accent 5\"/>\r\n  <w:LsdException Locked=\"false\" Priority=\"60\" SemiHidden=\"false\"\r\n   UnhideWhenUsed=\"false\" Name=\"Light Shading Accent 6\"/>\r\n  <w:LsdException Locked=\"false\" Priority=\"61\" SemiHidden=\"false\"\r\n   UnhideWhenUsed=\"false\" Name=\"Light List Accent 6\"/>\r\n  <w:LsdException Locked=\"false\" Priority=\"62\" SemiHidden=\"false\"\r\n   UnhideWhenUsed=\"false\" Name=\"Light Grid Accent 6\"/>\r\n  <w:LsdException Locked=\"false\" Priority=\"63\" SemiHidden=\"false\"\r\n   UnhideWhenUsed=\"false\" Name=\"Medium Shading 1 Accent 6\"/>\r\n  <w:LsdException Locked=\"false\" Priority=\"64\" SemiHidden=\"false\"\r\n   UnhideWhenUsed=\"false\" Name=\"Medium Shading 2 Accent 6\"/>\r\n  <w:LsdException Locked=\"false\" Priority=\"65\" SemiHidden=\"false\"\r\n   UnhideWhenUsed=\"false\" Name=\"Medium List 1 Accent 6\"/>\r\n  <w:LsdException Locked=\"false\" Priority=\"66\" SemiHidden=\"false\"\r\n   UnhideWhenUsed=\"false\" Name=\"Medium List 2 Accent 6\"/>\r\n  <w:LsdException Locked=\"false\" Priority=\"67\" SemiHidden=\"false\"\r\n   UnhideWhenUsed=\"false\" Name=\"Medium Grid 1 Accent 6\"/>\r\n  <w:LsdException Locked=\"false\" Priority=\"68\" SemiHidden=\"false\"\r\n   UnhideWhenUsed=\"false\" Name=\"Medium Grid 2 Accent 6\"/>\r\n  <w:LsdException Locked=\"false\" Priority=\"69\" SemiHidden=\"false\"\r\n   UnhideWhenUsed=\"false\" Name=\"Medium Grid 3 Accent 6\"/>\r\n  <w:LsdException Locked=\"false\" Priority=\"70\" SemiHidden=\"false\"\r\n   UnhideWhenUsed=\"false\" Name=\"Dark List Accent 6\"/>\r\n  <w:LsdException Locked=\"false\" Priority=\"71\" SemiHidden=\"false\"\r\n   UnhideWhenUsed=\"false\" Name=\"Colorful Shading Accent 6\"/>\r\n  <w:LsdException Locked=\"false\" Priority=\"72\" SemiHidden=\"false\"\r\n   UnhideWhenUsed=\"false\" Name=\"Colorful List Accent 6\"/>\r\n  <w:LsdException Locked=\"false\" Priority=\"73\" SemiHidden=\"false\"\r\n   UnhideWhenUsed=\"false\" Name=\"Colorful Grid Accent 6\"/>\r\n  <w:LsdException Locked=\"false\" Priority=\"19\" SemiHidden=\"false\"\r\n   UnhideWhenUsed=\"false\" QFormat=\"true\" Name=\"Subtle Emphasis\"/>\r\n  <w:LsdException Locked=\"false\" Priority=\"21\" SemiHidden=\"false\"\r\n   UnhideWhenUsed=\"false\" QFormat=\"true\" Name=\"Intense Emphasis\"/>\r\n  <w:LsdException Locked=\"false\" Priority=\"31\" SemiHidden=\"false\"\r\n   UnhideWhenUsed=\"false\" QFormat=\"true\" Name=\"Subtle Reference\"/>\r\n  <w:LsdException Locked=\"false\" Priority=\"32\" SemiHidden=\"false\"\r\n   UnhideWhenUsed=\"false\" QFormat=\"true\" Name=\"Intense Reference\"/>\r\n  <w:LsdException Locked=\"false\" Priority=\"33\" SemiHidden=\"false\"\r\n   UnhideWhenUsed=\"false\" QFormat=\"true\" Name=\"Book Title\"/>\r\n  <w:LsdException Locked=\"false\" Priority=\"37\" Name=\"Bibliography\"/>\r\n  <w:LsdException Locked=\"false\" Priority=\"39\" QFormat=\"true\" Name=\"TOC Heading\"/>\r\n </w:LatentStyles>\r\n</xml><![endif]--> <!-- [if gte mso 10]>\r\n<style>\r\n /* Style Definitions */\r\ntable.MsoNormalTable\r\n	{mso-style-name:\"Table Normal\";\r\n	mso-tstyle-rowband-size:0;\r\n	mso-tstyle-colband-size:0;\r\n	mso-style-noshow:yes;\r\n	mso-style-priority:99;\r\n	mso-style-parent:\"\";\r\n	mso-padding-alt:0cm 5.4pt 0cm 5.4pt;\r\n	mso-para-margin:0cm;\r\n	mso-para-margin-bottom:.0001pt;\r\n	mso-pagination:widow-orphan;\r\n	font-size:10.0pt;\r\n	font-family:\"Times New Roman\";}\r\n</style>\r\n<![endif]--> <!--StartFragment--> <!--EndFragment--></p>\r\n<p class=\"MsoNormal\" style=\"text-align: justify;\">Khalifa Fund for Enterprise Development had appointed Artica to design and build their three new upcoming offices in Ajman, Fujairah and Ras Al Khaimah. Artica was&nbsp; fortunate &amp; blessed to work with Khalifa Fund as a chosen local office among the international community. The design philosophy centred around creating an office space complementing the contributions of the Khalifa Fund in promoting the local entrepreneurial talent. The overall design was contemporary reflecting the growth and prosperity of the UAE as well as retaining the traditional culture of the region. The three offices were built with exceptional quality and delivered to the client in record time for their expansion.</p>','commercial'),(4,'images/project4.jpg','JBR Loft 1','<p class=\"p1\" style=\"text-align: justify;\"><!-- [if gte mso 9]><xml>\r\n <o:DocumentProperties>\r\n  <o:Revision>0</o:Revision>\r\n  <o:TotalTime>0</o:TotalTime>\r\n  <o:Pages>1</o:Pages>\r\n  <o:Words>83</o:Words>\r\n  <o:Characters>474</o:Characters>\r\n  <o:Company>Incubasys</o:Company>\r\n  <o:Lines>3</o:Lines>\r\n  <o:Paragraphs>1</o:Paragraphs>\r\n  <o:CharactersWithSpaces>556</o:CharactersWithSpaces>\r\n  <o:Version>14.0</o:Version>\r\n </o:DocumentProperties>\r\n <o:OfficeDocumentSettings>\r\n  <o:PixelsPerInch>96</o:PixelsPerInch>\r\n  <o:TargetScreenSize>800x600</o:TargetScreenSize>\r\n </o:OfficeDocumentSettings>\r\n</xml><![endif]--> <!-- [if gte mso 9]><xml>\r\n <w:WordDocument>\r\n  <w:View>Normal</w:View>\r\n  <w:Zoom>0</w:Zoom>\r\n  <w:TrackMoves/>\r\n  <w:TrackFormatting/>\r\n  <w:PunctuationKerning/>\r\n  <w:ValidateAgainstSchemas/>\r\n  <w:SaveIfXMLInvalid>false</w:SaveIfXMLInvalid>\r\n  <w:IgnoreMixedContent>false</w:IgnoreMixedContent>\r\n  <w:AlwaysShowPlaceholderText>false</w:AlwaysShowPlaceholderText>\r\n  <w:DoNotPromoteQF/>\r\n  <w:LidThemeOther>EN-US</w:LidThemeOther>\r\n  <w:LidThemeAsian>JA</w:LidThemeAsian>\r\n  <w:LidThemeComplexScript>X-NONE</w:LidThemeComplexScript>\r\n  <w:Compatibility>\r\n   <w:BreakWrappedTables/>\r\n   <w:SnapToGridInCell/>\r\n   <w:WrapTextWithPunct/>\r\n   <w:UseAsianBreakRules/>\r\n   <w:DontGrowAutofit/>\r\n   <w:SplitPgBreakAndParaMark/>\r\n   <w:EnableOpenTypeKerning/>\r\n   <w:DontFlipMirrorIndents/>\r\n   <w:OverrideTableStyleHps/>\r\n  </w:Compatibility>\r\n  <m:mathPr>\r\n   <m:mathFont m:val=\"Cambria Math\"/>\r\n   <m:brkBin m:val=\"before\"/>\r\n   <m:brkBinSub m:val=\"--\"/>\r\n   <m:smallFrac m:val=\"off\"/>\r\n   <m:dispDef/>\r\n   <m:lMargin m:val=\"0\"/>\r\n   <m:rMargin m:val=\"0\"/>\r\n   <m:defJc m:val=\"centerGroup\"/>\r\n   <m:wrapIndent m:val=\"1440\"/>\r\n   <m:intLim m:val=\"subSup\"/>\r\n   <m:naryLim m:val=\"undOvr\"/>\r\n  </m:mathPr></w:WordDocument>\r\n</xml><![endif]--><!-- [if gte mso 9]><xml>\r\n <w:LatentStyles DefLockedState=\"false\" DefUnhideWhenUsed=\"true\"\r\n  DefSemiHidden=\"true\" DefQFormat=\"false\" DefPriority=\"99\"\r\n  LatentStyleCount=\"276\">\r\n  <w:LsdException Locked=\"false\" Priority=\"0\" SemiHidden=\"false\"\r\n   UnhideWhenUsed=\"false\" QFormat=\"true\" Name=\"Normal\"/>\r\n  <w:LsdException Locked=\"false\" Priority=\"9\" SemiHidden=\"false\"\r\n   UnhideWhenUsed=\"false\" QFormat=\"true\" Name=\"heading 1\"/>\r\n  <w:LsdException Locked=\"false\" Priority=\"9\" QFormat=\"true\" Name=\"heading 2\"/>\r\n  <w:LsdException Locked=\"false\" Priority=\"9\" QFormat=\"true\" Name=\"heading 3\"/>\r\n  <w:LsdException Locked=\"false\" Priority=\"9\" QFormat=\"true\" Name=\"heading 4\"/>\r\n  <w:LsdException Locked=\"false\" Priority=\"9\" QFormat=\"true\" Name=\"heading 5\"/>\r\n  <w:LsdException Locked=\"false\" Priority=\"9\" QFormat=\"true\" Name=\"heading 6\"/>\r\n  <w:LsdException Locked=\"false\" Priority=\"9\" QFormat=\"true\" Name=\"heading 7\"/>\r\n  <w:LsdException Locked=\"false\" Priority=\"9\" QFormat=\"true\" Name=\"heading 8\"/>\r\n  <w:LsdException Locked=\"false\" Priority=\"9\" QFormat=\"true\" Name=\"heading 9\"/>\r\n  <w:LsdException Locked=\"false\" Priority=\"39\" Name=\"toc 1\"/>\r\n  <w:LsdException Locked=\"false\" Priority=\"39\" Name=\"toc 2\"/>\r\n  <w:LsdException Locked=\"false\" Priority=\"39\" Name=\"toc 3\"/>\r\n  <w:LsdException Locked=\"false\" Priority=\"39\" Name=\"toc 4\"/>\r\n  <w:LsdException Locked=\"false\" Priority=\"39\" Name=\"toc 5\"/>\r\n  <w:LsdException Locked=\"false\" Priority=\"39\" Name=\"toc 6\"/>\r\n  <w:LsdException Locked=\"false\" Priority=\"39\" Name=\"toc 7\"/>\r\n  <w:LsdException Locked=\"false\" Priority=\"39\" Name=\"toc 8\"/>\r\n  <w:LsdException Locked=\"false\" Priority=\"39\" Name=\"toc 9\"/>\r\n  <w:LsdException Locked=\"false\" Priority=\"35\" QFormat=\"true\" Name=\"caption\"/>\r\n  <w:LsdException Locked=\"false\" Priority=\"10\" SemiHidden=\"false\"\r\n   UnhideWhenUsed=\"false\" QFormat=\"true\" Name=\"Title\"/>\r\n  <w:LsdException Locked=\"false\" Priority=\"0\" Name=\"Default Paragraph Font\"/>\r\n  <w:LsdException Locked=\"false\" Priority=\"11\" SemiHidden=\"false\"\r\n   UnhideWhenUsed=\"false\" QFormat=\"true\" Name=\"Subtitle\"/>\r\n  <w:LsdException Locked=\"false\" Priority=\"22\" SemiHidden=\"false\"\r\n   UnhideWhenUsed=\"false\" QFormat=\"true\" Name=\"Strong\"/>\r\n  <w:LsdException Locked=\"false\" Priority=\"20\" SemiHidden=\"false\"\r\n   UnhideWhenUsed=\"false\" QFormat=\"true\" Name=\"Emphasis\"/>\r\n  <w:LsdException Locked=\"false\" Priority=\"59\" SemiHidden=\"false\"\r\n   UnhideWhenUsed=\"false\" Name=\"Table Grid\"/>\r\n  <w:LsdException Locked=\"false\" UnhideWhenUsed=\"false\" Name=\"Placeholder Text\"/>\r\n  <w:LsdException Locked=\"false\" Priority=\"1\" SemiHidden=\"false\"\r\n   UnhideWhenUsed=\"false\" QFormat=\"true\" Name=\"No Spacing\"/>\r\n  <w:LsdException Locked=\"false\" Priority=\"60\" SemiHidden=\"false\"\r\n   UnhideWhenUsed=\"false\" Name=\"Light Shading\"/>\r\n  <w:LsdException Locked=\"false\" Priority=\"61\" SemiHidden=\"false\"\r\n   UnhideWhenUsed=\"false\" Name=\"Light List\"/>\r\n  <w:LsdException Locked=\"false\" Priority=\"62\" SemiHidden=\"false\"\r\n   UnhideWhenUsed=\"false\" Name=\"Light Grid\"/>\r\n  <w:LsdException Locked=\"false\" Priority=\"63\" SemiHidden=\"false\"\r\n   UnhideWhenUsed=\"false\" Name=\"Medium Shading 1\"/>\r\n  <w:LsdException Locked=\"false\" Priority=\"64\" SemiHidden=\"false\"\r\n   UnhideWhenUsed=\"false\" Name=\"Medium Shading 2\"/>\r\n  <w:LsdException Locked=\"false\" Priority=\"65\" SemiHidden=\"false\"\r\n   UnhideWhenUsed=\"false\" Name=\"Medium List 1\"/>\r\n  <w:LsdException Locked=\"false\" Priority=\"66\" SemiHidden=\"false\"\r\n   UnhideWhenUsed=\"false\" Name=\"Medium List 2\"/>\r\n  <w:LsdException Locked=\"false\" Priority=\"67\" SemiHidden=\"false\"\r\n   UnhideWhenUsed=\"false\" Name=\"Medium Grid 1\"/>\r\n  <w:LsdException Locked=\"false\" Priority=\"68\" SemiHidden=\"false\"\r\n   UnhideWhenUsed=\"false\" Name=\"Medium Grid 2\"/>\r\n  <w:LsdException Locked=\"false\" Priority=\"69\" SemiHidden=\"false\"\r\n   UnhideWhenUsed=\"false\" Name=\"Medium Grid 3\"/>\r\n  <w:LsdException Locked=\"false\" Priority=\"70\" SemiHidden=\"false\"\r\n   UnhideWhenUsed=\"false\" Name=\"Dark List\"/>\r\n  <w:LsdException Locked=\"false\" Priority=\"71\" SemiHidden=\"false\"\r\n   UnhideWhenUsed=\"false\" Name=\"Colorful Shading\"/>\r\n  <w:LsdException Locked=\"false\" Priority=\"72\" SemiHidden=\"false\"\r\n   UnhideWhenUsed=\"false\" Name=\"Colorful List\"/>\r\n  <w:LsdException Locked=\"false\" Priority=\"73\" SemiHidden=\"false\"\r\n   UnhideWhenUsed=\"false\" Name=\"Colorful Grid\"/>\r\n  <w:LsdException Locked=\"false\" Priority=\"60\" SemiHidden=\"false\"\r\n   UnhideWhenUsed=\"false\" Name=\"Light Shading Accent 1\"/>\r\n  <w:LsdException Locked=\"false\" Priority=\"61\" SemiHidden=\"false\"\r\n   UnhideWhenUsed=\"false\" Name=\"Light List Accent 1\"/>\r\n  <w:LsdException Locked=\"false\" Priority=\"62\" SemiHidden=\"false\"\r\n   UnhideWhenUsed=\"false\" Name=\"Light Grid Accent 1\"/>\r\n  <w:LsdException Locked=\"false\" Priority=\"63\" SemiHidden=\"false\"\r\n   UnhideWhenUsed=\"false\" Name=\"Medium Shading 1 Accent 1\"/>\r\n  <w:LsdException Locked=\"false\" Priority=\"64\" SemiHidden=\"false\"\r\n   UnhideWhenUsed=\"false\" Name=\"Medium Shading 2 Accent 1\"/>\r\n  <w:LsdException Locked=\"false\" Priority=\"65\" SemiHidden=\"false\"\r\n   UnhideWhenUsed=\"false\" Name=\"Medium List 1 Accent 1\"/>\r\n  <w:LsdException Locked=\"false\" UnhideWhenUsed=\"false\" Name=\"Revision\"/>\r\n  <w:LsdException Locked=\"false\" Priority=\"34\" SemiHidden=\"false\"\r\n   UnhideWhenUsed=\"false\" QFormat=\"true\" Name=\"List Paragraph\"/>\r\n  <w:LsdException Locked=\"false\" Priority=\"29\" SemiHidden=\"false\"\r\n   UnhideWhenUsed=\"false\" QFormat=\"true\" Name=\"Quote\"/>\r\n  <w:LsdException Locked=\"false\" Priority=\"30\" SemiHidden=\"false\"\r\n   UnhideWhenUsed=\"false\" QFormat=\"true\" Name=\"Intense Quote\"/>\r\n  <w:LsdException Locked=\"false\" Priority=\"66\" SemiHidden=\"false\"\r\n   UnhideWhenUsed=\"false\" Name=\"Medium List 2 Accent 1\"/>\r\n  <w:LsdException Locked=\"false\" Priority=\"67\" SemiHidden=\"false\"\r\n   UnhideWhenUsed=\"false\" Name=\"Medium Grid 1 Accent 1\"/>\r\n  <w:LsdException Locked=\"false\" Priority=\"68\" SemiHidden=\"false\"\r\n   UnhideWhenUsed=\"false\" Name=\"Medium Grid 2 Accent 1\"/>\r\n  <w:LsdException Locked=\"false\" Priority=\"69\" SemiHidden=\"false\"\r\n   UnhideWhenUsed=\"false\" Name=\"Medium Grid 3 Accent 1\"/>\r\n  <w:LsdException Locked=\"false\" Priority=\"70\" SemiHidden=\"false\"\r\n   UnhideWhenUsed=\"false\" Name=\"Dark List Accent 1\"/>\r\n  <w:LsdException Locked=\"false\" Priority=\"71\" SemiHidden=\"false\"\r\n   UnhideWhenUsed=\"false\" Name=\"Colorful Shading Accent 1\"/>\r\n  <w:LsdException Locked=\"false\" Priority=\"72\" SemiHidden=\"false\"\r\n   UnhideWhenUsed=\"false\" Name=\"Colorful List Accent 1\"/>\r\n  <w:LsdException Locked=\"false\" Priority=\"73\" SemiHidden=\"false\"\r\n   UnhideWhenUsed=\"false\" Name=\"Colorful Grid Accent 1\"/>\r\n  <w:LsdException Locked=\"false\" Priority=\"60\" SemiHidden=\"false\"\r\n   UnhideWhenUsed=\"false\" Name=\"Light Shading Accent 2\"/>\r\n  <w:LsdException Locked=\"false\" Priority=\"61\" SemiHidden=\"false\"\r\n   UnhideWhenUsed=\"false\" Name=\"Light List Accent 2\"/>\r\n  <w:LsdException Locked=\"false\" Priority=\"62\" SemiHidden=\"false\"\r\n   UnhideWhenUsed=\"false\" Name=\"Light Grid Accent 2\"/>\r\n  <w:LsdException Locked=\"false\" Priority=\"63\" SemiHidden=\"false\"\r\n   UnhideWhenUsed=\"false\" Name=\"Medium Shading 1 Accent 2\"/>\r\n  <w:LsdException Locked=\"false\" Priority=\"64\" SemiHidden=\"false\"\r\n   UnhideWhenUsed=\"false\" Name=\"Medium Shading 2 Accent 2\"/>\r\n  <w:LsdException Locked=\"false\" Priority=\"65\" SemiHidden=\"false\"\r\n   UnhideWhenUsed=\"false\" Name=\"Medium List 1 Accent 2\"/>\r\n  <w:LsdException Locked=\"false\" Priority=\"66\" SemiHidden=\"false\"\r\n   UnhideWhenUsed=\"false\" Name=\"Medium List 2 Accent 2\"/>\r\n  <w:LsdException Locked=\"false\" Priority=\"67\" SemiHidden=\"false\"\r\n   UnhideWhenUsed=\"false\" Name=\"Medium Grid 1 Accent 2\"/>\r\n  <w:LsdException Locked=\"false\" Priority=\"68\" SemiHidden=\"false\"\r\n   UnhideWhenUsed=\"false\" Name=\"Medium Grid 2 Accent 2\"/>\r\n  <w:LsdException Locked=\"false\" Priority=\"69\" SemiHidden=\"false\"\r\n   UnhideWhenUsed=\"false\" Name=\"Medium Grid 3 Accent 2\"/>\r\n  <w:LsdException Locked=\"false\" Priority=\"70\" SemiHidden=\"false\"\r\n   UnhideWhenUsed=\"false\" Name=\"Dark List Accent 2\"/>\r\n  <w:LsdException Locked=\"false\" Priority=\"71\" SemiHidden=\"false\"\r\n   UnhideWhenUsed=\"false\" Name=\"Colorful Shading Accent 2\"/>\r\n  <w:LsdException Locked=\"false\" Priority=\"72\" SemiHidden=\"false\"\r\n   UnhideWhenUsed=\"false\" Name=\"Colorful List Accent 2\"/>\r\n  <w:LsdException Locked=\"false\" Priority=\"73\" SemiHidden=\"false\"\r\n   UnhideWhenUsed=\"false\" Name=\"Colorful Grid Accent 2\"/>\r\n  <w:LsdException Locked=\"false\" Priority=\"60\" SemiHidden=\"false\"\r\n   UnhideWhenUsed=\"false\" Name=\"Light Shading Accent 3\"/>\r\n  <w:LsdException Locked=\"false\" Priority=\"61\" SemiHidden=\"false\"\r\n   UnhideWhenUsed=\"false\" Name=\"Light List Accent 3\"/>\r\n  <w:LsdException Locked=\"false\" Priority=\"62\" SemiHidden=\"false\"\r\n   UnhideWhenUsed=\"false\" Name=\"Light Grid Accent 3\"/>\r\n  <w:LsdException Locked=\"false\" Priority=\"63\" SemiHidden=\"false\"\r\n   UnhideWhenUsed=\"false\" Name=\"Medium Shading 1 Accent 3\"/>\r\n  <w:LsdException Locked=\"false\" Priority=\"64\" SemiHidden=\"false\"\r\n   UnhideWhenUsed=\"false\" Name=\"Medium Shading 2 Accent 3\"/>\r\n  <w:LsdException Locked=\"false\" Priority=\"65\" SemiHidden=\"false\"\r\n   UnhideWhenUsed=\"false\" Name=\"Medium List 1 Accent 3\"/>\r\n  <w:LsdException Locked=\"false\" Priority=\"66\" SemiHidden=\"false\"\r\n   UnhideWhenUsed=\"false\" Name=\"Medium List 2 Accent 3\"/>\r\n  <w:LsdException Locked=\"false\" Priority=\"67\" SemiHidden=\"false\"\r\n   UnhideWhenUsed=\"false\" Name=\"Medium Grid 1 Accent 3\"/>\r\n  <w:LsdException Locked=\"false\" Priority=\"68\" SemiHidden=\"false\"\r\n   UnhideWhenUsed=\"false\" Name=\"Medium Grid 2 Accent 3\"/>\r\n  <w:LsdException Locked=\"false\" Priority=\"69\" SemiHidden=\"false\"\r\n   UnhideWhenUsed=\"false\" Name=\"Medium Grid 3 Accent 3\"/>\r\n  <w:LsdException Locked=\"false\" Priority=\"70\" SemiHidden=\"false\"\r\n   UnhideWhenUsed=\"false\" Name=\"Dark List Accent 3\"/>\r\n  <w:LsdException Locked=\"false\" Priority=\"71\" SemiHidden=\"false\"\r\n   UnhideWhenUsed=\"false\" Name=\"Colorful Shading Accent 3\"/>\r\n  <w:LsdException Locked=\"false\" Priority=\"72\" SemiHidden=\"false\"\r\n   UnhideWhenUsed=\"false\" Name=\"Colorful List Accent 3\"/>\r\n  <w:LsdException Locked=\"false\" Priority=\"73\" SemiHidden=\"false\"\r\n   UnhideWhenUsed=\"false\" Name=\"Colorful Grid Accent 3\"/>\r\n  <w:LsdException Locked=\"false\" Priority=\"60\" SemiHidden=\"false\"\r\n   UnhideWhenUsed=\"false\" Name=\"Light Shading Accent 4\"/>\r\n  <w:LsdException Locked=\"false\" Priority=\"61\" SemiHidden=\"false\"\r\n   UnhideWhenUsed=\"false\" Name=\"Light List Accent 4\"/>\r\n  <w:LsdException Locked=\"false\" Priority=\"62\" SemiHidden=\"false\"\r\n   UnhideWhenUsed=\"false\" Name=\"Light Grid Accent 4\"/>\r\n  <w:LsdException Locked=\"false\" Priority=\"63\" SemiHidden=\"false\"\r\n   UnhideWhenUsed=\"false\" Name=\"Medium Shading 1 Accent 4\"/>\r\n  <w:LsdException Locked=\"false\" Priority=\"64\" SemiHidden=\"false\"\r\n   UnhideWhenUsed=\"false\" Name=\"Medium Shading 2 Accent 4\"/>\r\n  <w:LsdException Locked=\"false\" Priority=\"65\" SemiHidden=\"false\"\r\n   UnhideWhenUsed=\"false\" Name=\"Medium List 1 Accent 4\"/>\r\n  <w:LsdException Locked=\"false\" Priority=\"66\" SemiHidden=\"false\"\r\n   UnhideWhenUsed=\"false\" Name=\"Medium List 2 Accent 4\"/>\r\n  <w:LsdException Locked=\"false\" Priority=\"67\" SemiHidden=\"false\"\r\n   UnhideWhenUsed=\"false\" Name=\"Medium Grid 1 Accent 4\"/>\r\n  <w:LsdException Locked=\"false\" Priority=\"68\" SemiHidden=\"false\"\r\n   UnhideWhenUsed=\"false\" Name=\"Medium Grid 2 Accent 4\"/>\r\n  <w:LsdException Locked=\"false\" Priority=\"69\" SemiHidden=\"false\"\r\n   UnhideWhenUsed=\"false\" Name=\"Medium Grid 3 Accent 4\"/>\r\n  <w:LsdException Locked=\"false\" Priority=\"70\" SemiHidden=\"false\"\r\n   UnhideWhenUsed=\"false\" Name=\"Dark List Accent 4\"/>\r\n  <w:LsdException Locked=\"false\" Priority=\"71\" SemiHidden=\"false\"\r\n   UnhideWhenUsed=\"false\" Name=\"Colorful Shading Accent 4\"/>\r\n  <w:LsdException Locked=\"false\" Priority=\"72\" SemiHidden=\"false\"\r\n   UnhideWhenUsed=\"false\" Name=\"Colorful List Accent 4\"/>\r\n  <w:LsdException Locked=\"false\" Priority=\"73\" SemiHidden=\"false\"\r\n   UnhideWhenUsed=\"false\" Name=\"Colorful Grid Accent 4\"/>\r\n  <w:LsdException Locked=\"false\" Priority=\"60\" SemiHidden=\"false\"\r\n   UnhideWhenUsed=\"false\" Name=\"Light Shading Accent 5\"/>\r\n  <w:LsdException Locked=\"false\" Priority=\"61\" SemiHidden=\"false\"\r\n   UnhideWhenUsed=\"false\" Name=\"Light List Accent 5\"/>\r\n  <w:LsdException Locked=\"false\" Priority=\"62\" SemiHidden=\"false\"\r\n   UnhideWhenUsed=\"false\" Name=\"Light Grid Accent 5\"/>\r\n  <w:LsdException Locked=\"false\" Priority=\"63\" SemiHidden=\"false\"\r\n   UnhideWhenUsed=\"false\" Name=\"Medium Shading 1 Accent 5\"/>\r\n  <w:LsdException Locked=\"false\" Priority=\"64\" SemiHidden=\"false\"\r\n   UnhideWhenUsed=\"false\" Name=\"Medium Shading 2 Accent 5\"/>\r\n  <w:LsdException Locked=\"false\" Priority=\"65\" SemiHidden=\"false\"\r\n   UnhideWhenUsed=\"false\" Name=\"Medium List 1 Accent 5\"/>\r\n  <w:LsdException Locked=\"false\" Priority=\"66\" SemiHidden=\"false\"\r\n   UnhideWhenUsed=\"false\" Name=\"Medium List 2 Accent 5\"/>\r\n  <w:LsdException Locked=\"false\" Priority=\"67\" SemiHidden=\"false\"\r\n   UnhideWhenUsed=\"false\" Name=\"Medium Grid 1 Accent 5\"/>\r\n  <w:LsdException Locked=\"false\" Priority=\"68\" SemiHidden=\"false\"\r\n   UnhideWhenUsed=\"false\" Name=\"Medium Grid 2 Accent 5\"/>\r\n  <w:LsdException Locked=\"false\" Priority=\"69\" SemiHidden=\"false\"\r\n   UnhideWhenUsed=\"false\" Name=\"Medium Grid 3 Accent 5\"/>\r\n  <w:LsdException Locked=\"false\" Priority=\"70\" SemiHidden=\"false\"\r\n   UnhideWhenUsed=\"false\" Name=\"Dark List Accent 5\"/>\r\n  <w:LsdException Locked=\"false\" Priority=\"71\" SemiHidden=\"false\"\r\n   UnhideWhenUsed=\"false\" Name=\"Colorful Shading Accent 5\"/>\r\n  <w:LsdException Locked=\"false\" Priority=\"72\" SemiHidden=\"false\"\r\n   UnhideWhenUsed=\"false\" Name=\"Colorful List Accent 5\"/>\r\n  <w:LsdException Locked=\"false\" Priority=\"73\" SemiHidden=\"false\"\r\n   UnhideWhenUsed=\"false\" Name=\"Colorful Grid Accent 5\"/>\r\n  <w:LsdException Locked=\"false\" Priority=\"60\" SemiHidden=\"false\"\r\n   UnhideWhenUsed=\"false\" Name=\"Light Shading Accent 6\"/>\r\n  <w:LsdException Locked=\"false\" Priority=\"61\" SemiHidden=\"false\"\r\n   UnhideWhenUsed=\"false\" Name=\"Light List Accent 6\"/>\r\n  <w:LsdException Locked=\"false\" Priority=\"62\" SemiHidden=\"false\"\r\n   UnhideWhenUsed=\"false\" Name=\"Light Grid Accent 6\"/>\r\n  <w:LsdException Locked=\"false\" Priority=\"63\" SemiHidden=\"false\"\r\n   UnhideWhenUsed=\"false\" Name=\"Medium Shading 1 Accent 6\"/>\r\n  <w:LsdException Locked=\"false\" Priority=\"64\" SemiHidden=\"false\"\r\n   UnhideWhenUsed=\"false\" Name=\"Medium Shading 2 Accent 6\"/>\r\n  <w:LsdException Locked=\"false\" Priority=\"65\" SemiHidden=\"false\"\r\n   UnhideWhenUsed=\"false\" Name=\"Medium List 1 Accent 6\"/>\r\n  <w:LsdException Locked=\"false\" Priority=\"66\" SemiHidden=\"false\"\r\n   UnhideWhenUsed=\"false\" Name=\"Medium List 2 Accent 6\"/>\r\n  <w:LsdException Locked=\"false\" Priority=\"67\" SemiHidden=\"false\"\r\n   UnhideWhenUsed=\"false\" Name=\"Medium Grid 1 Accent 6\"/>\r\n  <w:LsdException Locked=\"false\" Priority=\"68\" SemiHidden=\"false\"\r\n   UnhideWhenUsed=\"false\" Name=\"Medium Grid 2 Accent 6\"/>\r\n  <w:LsdException Locked=\"false\" Priority=\"69\" SemiHidden=\"false\"\r\n   UnhideWhenUsed=\"false\" Name=\"Medium Grid 3 Accent 6\"/>\r\n  <w:LsdException Locked=\"false\" Priority=\"70\" SemiHidden=\"false\"\r\n   UnhideWhenUsed=\"false\" Name=\"Dark List Accent 6\"/>\r\n  <w:LsdException Locked=\"false\" Priority=\"71\" SemiHidden=\"false\"\r\n   UnhideWhenUsed=\"false\" Name=\"Colorful Shading Accent 6\"/>\r\n  <w:LsdException Locked=\"false\" Priority=\"72\" SemiHidden=\"false\"\r\n   UnhideWhenUsed=\"false\" Name=\"Colorful List Accent 6\"/>\r\n  <w:LsdException Locked=\"false\" Priority=\"73\" SemiHidden=\"false\"\r\n   UnhideWhenUsed=\"false\" Name=\"Colorful Grid Accent 6\"/>\r\n  <w:LsdException Locked=\"false\" Priority=\"19\" SemiHidden=\"false\"\r\n   UnhideWhenUsed=\"false\" QFormat=\"true\" Name=\"Subtle Emphasis\"/>\r\n  <w:LsdException Locked=\"false\" Priority=\"21\" SemiHidden=\"false\"\r\n   UnhideWhenUsed=\"false\" QFormat=\"true\" Name=\"Intense Emphasis\"/>\r\n  <w:LsdException Locked=\"false\" Priority=\"31\" SemiHidden=\"false\"\r\n   UnhideWhenUsed=\"false\" QFormat=\"true\" Name=\"Subtle Reference\"/>\r\n  <w:LsdException Locked=\"false\" Priority=\"32\" SemiHidden=\"false\"\r\n   UnhideWhenUsed=\"false\" QFormat=\"true\" Name=\"Intense Reference\"/>\r\n  <w:LsdException Locked=\"false\" Priority=\"33\" SemiHidden=\"false\"\r\n   UnhideWhenUsed=\"false\" QFormat=\"true\" Name=\"Book Title\"/>\r\n  <w:LsdException Locked=\"false\" Priority=\"37\" Name=\"Bibliography\"/>\r\n  <w:LsdException Locked=\"false\" Priority=\"39\" QFormat=\"true\" Name=\"TOC Heading\"/>\r\n </w:LatentStyles>\r\n</xml><![endif]--> <!--StartFragment--><!--EndFragment-->Artica had been commissioned to design and build a loft in the prestigious neighbourhood of Dubai, the Jumeriah Beach Residence. The design brief was to create a living space of semi contemporary style. As such, the design was evolved using the contemporary materials complemented with some of the classical signature elements thereby resulting in a very upmarket space. The overall project was executed in the highest standard to meeting the clients specific requirements resulting in a quality finished product in the midst of a luxurious neighbourhood.</p>','residential'),(5,'images/project5.jpg','JBR Loft 2','<p><!-- [if gte mso 9]><xml>rn <o:OfficeDocumentSettings>rn  <o:AllowPNG/>rn </o:OfficeDocumentSettings>rn</xml><![endif]--></p>\r\n<p class=\"\">This is a design and build project in the prestigious Jumeriah Beach Residence in Dubai. The client&rsquo;s brief was to turn the existing shell &amp; core loft into a very contemporary living space tted with the latest FF&amp;E. The overall design was therefore centredaround creating a very upscale space meeting the client&rsquo;s expectations. The project was thus designed meticulously and built diligently resulting in a marvellous living space.</p>\r\n<!-- [if gte mso 9]><xml>rn <w:WordDocument>rn  <w:View>Normal</w:View>rn  <w:Zoom>0</w:Zoom>rn  <w:TrackMoves/>rn  <w:TrackFormatting/>rn  <w:PunctuationKerning/>rn  <w:ValidateAgainstSchemas/>rn  <w:SaveIfXMLInvalid>false</w:SaveIfXMLInvalid>rn  <w:IgnoreMixedContent>false</w:IgnoreMixedContent>rn  <w:AlwaysShowPlaceholderText>false</w:AlwaysShowPlaceholderText>rn  <w:DoNotPromoteQF/>rn  <w:LidThemeOther>EN-US</w:LidThemeOther>rn  <w:LidThemeAsian>X-NONE</w:LidThemeAsian>rn  <w:LidThemeComplexScript>AR-SA</w:LidThemeComplexScript>rn  <w:Compatibility>rn   <w:BreakWrappedTables/>rn   <w:SnapToGridInCell/>rn   <w:WrapTextWithPunct/>rn   <w:UseAsianBreakRules/>rn   <w:DontGrowAutofit/>rn   <w:SplitPgBreakAndParaMark/>rn   <w:DontVertAlignCellWithSp/>rn   <w:DontBreakConstrainedForcedTables/>rn   <w:DontVertAlignInTxbx/>rn   <w:Word11KerningPairs/>rn   <w:CachedColBalance/>rn   <w:UseFELayout/>rn  </w:Compatibility>rn  <w:DoNotOptimizeForBrowser/>rn  <m:mathPr>rn   <m:mathFont m:val=\"Cambria Math\"/>rn   <m:brkBin m:val=\"before\"/>rn   <m:brkBinSub m:val=\"--\"/>rn   <m:smallFrac m:val=\"off\"/>rn   <m:dispDef/>rn   <m:lMargin m:val=\"0\"/>rn   <m:rMargin m:val=\"0\"/>rn   <m:defJc m:val=\"centerGroup\"/>rn   <m:wrapIndent m:val=\"1440\"/>rn   <m:intLim m:val=\"subSup\"/>rn   <m:naryLim m:val=\"undOvr\"/>rn  </m:mathPr></w:WordDocument>rn</xml><![endif]--><!-- [if gte mso 9]><xml>rn <w:LatentStyles DefLockedState=\"false\" DefUnhideWhenUsed=\"true\"rn  DefSemiHidden=\"true\" DefQFormat=\"false\" DefPriority=\"99\"rn  LatentStyleCount=\"267\">rn  <w:LsdException Locked=\"false\" Priority=\"0\" SemiHidden=\"false\"rn   UnhideWhenUsed=\"false\" QFormat=\"true\" Name=\"Normal\"/>rn  <w:LsdException Locked=\"false\" Priority=\"9\" SemiHidden=\"false\"rn   UnhideWhenUsed=\"false\" QFormat=\"true\" Name=\"heading 1\"/>rn  <w:LsdException Locked=\"false\" Priority=\"9\" QFormat=\"true\" Name=\"heading 2\"/>rn  <w:LsdException Locked=\"false\" Priority=\"9\" QFormat=\"true\" Name=\"heading 3\"/>rn  <w:LsdException Locked=\"false\" Priority=\"9\" QFormat=\"true\" Name=\"heading 4\"/>rn  <w:LsdException Locked=\"false\" Priority=\"9\" QFormat=\"true\" Name=\"heading 5\"/>rn  <w:LsdException Locked=\"false\" Priority=\"9\" QFormat=\"true\" Name=\"heading 6\"/>rn  <w:LsdException Locked=\"false\" Priority=\"9\" QFormat=\"true\" Name=\"heading 7\"/>rn  <w:LsdException Locked=\"false\" Priority=\"9\" QFormat=\"true\" Name=\"heading 8\"/>rn  <w:LsdException Locked=\"false\" Priority=\"9\" QFormat=\"true\" Name=\"heading 9\"/>rn  <w:LsdException Locked=\"false\" Priority=\"39\" Name=\"toc 1\"/>rn  <w:LsdException Locked=\"false\" Priority=\"39\" Name=\"toc 2\"/>rn  <w:LsdException Locked=\"false\" Priority=\"39\" Name=\"toc 3\"/>rn  <w:LsdException Locked=\"false\" Priority=\"39\" Name=\"toc 4\"/>rn  <w:LsdException Locked=\"false\" Priority=\"39\" Name=\"toc 5\"/>rn  <w:LsdException Locked=\"false\" Priority=\"39\" Name=\"toc 6\"/>rn  <w:LsdException Locked=\"false\" Priority=\"39\" Name=\"toc 7\"/>rn  <w:LsdException Locked=\"false\" Priority=\"39\" Name=\"toc 8\"/>rn  <w:LsdException Locked=\"false\" Priority=\"39\" Name=\"toc 9\"/>rn  <w:LsdException Locked=\"false\" Priority=\"35\" QFormat=\"true\" Name=\"caption\"/>rn  <w:LsdException Locked=\"false\" Priority=\"10\" SemiHidden=\"false\"rn   UnhideWhenUsed=\"false\" QFormat=\"true\" Name=\"Title\"/>rn  <w:LsdException Locked=\"false\" Priority=\"1\" Name=\"Default Paragraph Font\"/>rn  <w:LsdException Locked=\"false\" Priority=\"11\" SemiHidden=\"false\"rn   UnhideWhenUsed=\"false\" QFormat=\"true\" Name=\"Subtitle\"/>rn  <w:LsdException Locked=\"false\" Priority=\"22\" SemiHidden=\"false\"rn   UnhideWhenUsed=\"false\" QFormat=\"true\" Name=\"Strong\"/>rn  <w:LsdException Locked=\"false\" Priority=\"20\" SemiHidden=\"false\"rn   UnhideWhenUsed=\"false\" QFormat=\"true\" Name=\"Emphasis\"/>rn  <w:LsdException Locked=\"false\" Priority=\"59\" SemiHidden=\"false\"rn   UnhideWhenUsed=\"false\" Name=\"Table Grid\"/>rn  <w:LsdException Locked=\"false\" UnhideWhenUsed=\"false\" Name=\"Placeholder Text\"/>rn  <w:LsdException Locked=\"false\" Priority=\"1\" SemiHidden=\"false\"rn   UnhideWhenUsed=\"false\" QFormat=\"true\" Name=\"No Spacing\"/>rn  <w:LsdException Locked=\"false\" Priority=\"60\" SemiHidden=\"false\"rn   UnhideWhenUsed=\"false\" Name=\"Light Shading\"/>rn  <w:LsdException Locked=\"false\" Priority=\"61\" SemiHidden=\"false\"rn   UnhideWhenUsed=\"false\" Name=\"Light List\"/>rn  <w:LsdException Locked=\"false\" Priority=\"62\" SemiHidden=\"false\"rn   UnhideWhenUsed=\"false\" Name=\"Light Grid\"/>rn  <w:LsdException Locked=\"false\" Priority=\"63\" SemiHidden=\"false\"rn   UnhideWhenUsed=\"false\" Name=\"Medium Shading 1\"/>rn  <w:LsdException Locked=\"false\" Priority=\"64\" SemiHidden=\"false\"rn   UnhideWhenUsed=\"false\" Name=\"Medium Shading 2\"/>rn  <w:LsdException Locked=\"false\" Priority=\"65\" SemiHidden=\"false\"rn   UnhideWhenUsed=\"false\" Name=\"Medium List 1\"/>rn  <w:LsdException Locked=\"false\" Priority=\"66\" SemiHidden=\"false\"rn   UnhideWhenUsed=\"false\" Name=\"Medium List 2\"/>rn  <w:LsdException Locked=\"false\" Priority=\"67\" SemiHidden=\"false\"rn   UnhideWhenUsed=\"false\" Name=\"Medium Grid 1\"/>rn  <w:LsdException Locked=\"false\" Priority=\"68\" SemiHidden=\"false\"rn   UnhideWhenUsed=\"false\" Name=\"Medium Grid 2\"/>rn  <w:LsdException Locked=\"false\" Priority=\"69\" SemiHidden=\"false\"rn   UnhideWhenUsed=\"false\" Name=\"Medium Grid 3\"/>rn  <w:LsdException Locked=\"false\" Priority=\"70\" SemiHidden=\"false\"rn   UnhideWhenUsed=\"false\" Name=\"Dark List\"/>rn  <w:LsdException Locked=\"false\" Priority=\"71\" SemiHidden=\"false\"rn   UnhideWhenUsed=\"false\" Name=\"Colorful Shading\"/>rn  <w:LsdException Locked=\"false\" Priority=\"72\" SemiHidden=\"false\"rn   UnhideWhenUsed=\"false\" Name=\"Colorful List\"/>rn  <w:LsdException Locked=\"false\" Priority=\"73\" SemiHidden=\"false\"rn   UnhideWhenUsed=\"false\" Name=\"Colorful Grid\"/>rn  <w:LsdException Locked=\"false\" Priority=\"60\" SemiHidden=\"false\"rn   UnhideWhenUsed=\"false\" Name=\"Light Shading Accent 1\"/>rn  <w:LsdException Locked=\"false\" Priority=\"61\" SemiHidden=\"false\"rn   UnhideWhenUsed=\"false\" Name=\"Light List Accent 1\"/>rn  <w:LsdException Locked=\"false\" Priority=\"62\" SemiHidden=\"false\"rn   UnhideWhenUsed=\"false\" Name=\"Light Grid Accent 1\"/>rn  <w:LsdException Locked=\"false\" Priority=\"63\" SemiHidden=\"false\"rn   UnhideWhenUsed=\"false\" Name=\"Medium Shading 1 Accent 1\"/>rn  <w:LsdException Locked=\"false\" Priority=\"64\" SemiHidden=\"false\"rn   UnhideWhenUsed=\"false\" Name=\"Medium Shading 2 Accent 1\"/>rn  <w:LsdException Locked=\"false\" Priority=\"65\" SemiHidden=\"false\"rn   UnhideWhenUsed=\"false\" Name=\"Medium List 1 Accent 1\"/>rn  <w:LsdException Locked=\"false\" UnhideWhenUsed=\"false\" Name=\"Revision\"/>rn  <w:LsdException Locked=\"false\" Priority=\"34\" SemiHidden=\"false\"rn   UnhideWhenUsed=\"false\" QFormat=\"true\" Name=\"List Paragraph\"/>rn  <w:LsdException Locked=\"false\" Priority=\"29\" SemiHidden=\"false\"rn   UnhideWhenUsed=\"false\" QFormat=\"true\" Name=\"Quote\"/>rn  <w:LsdException Locked=\"false\" Priority=\"30\" SemiHidden=\"false\"rn   UnhideWhenUsed=\"false\" QFormat=\"true\" Name=\"Intense Quote\"/>rn  <w:LsdException Locked=\"false\" Priority=\"66\" SemiHidden=\"false\"rn   UnhideWhenUsed=\"false\" Name=\"Medium List 2 Accent 1\"/>rn  <w:LsdException Locked=\"false\" Priority=\"67\" SemiHidden=\"false\"rn   UnhideWhenUsed=\"false\" Name=\"Medium Grid 1 Accent 1\"/>rn  <w:LsdException Locked=\"false\" Priority=\"68\" SemiHidden=\"false\"rn   UnhideWhenUsed=\"false\" Name=\"Medium Grid 2 Accent 1\"/>rn  <w:LsdException Locked=\"false\" Priority=\"69\" SemiHidden=\"false\"rn   UnhideWhenUsed=\"false\" Name=\"Medium Grid 3 Accent 1\"/>rn  <w:LsdException Locked=\"false\" Priority=\"70\" SemiHidden=\"false\"rn   UnhideWhenUsed=\"false\" Name=\"Dark List Accent 1\"/>rn  <w:LsdException Locked=\"false\" Priority=\"71\" SemiHidden=\"false\"rn   UnhideWhenUsed=\"false\" Name=\"Colorful Shading Accent 1\"/>rn  <w:LsdException Locked=\"false\" Priority=\"72\" SemiHidden=\"false\"rn   UnhideWhenUsed=\"false\" Name=\"Colorful List Accent 1\"/>rn  <w:LsdException Locked=\"false\" Priority=\"73\" SemiHidden=\"false\"rn   UnhideWhenUsed=\"false\" Name=\"Colorful Grid Accent 1\"/>rn  <w:LsdException Locked=\"false\" Priority=\"60\" SemiHidden=\"false\"rn   UnhideWhenUsed=\"false\" Name=\"Light Shading Accent 2\"/>rn  <w:LsdException Locked=\"false\" Priority=\"61\" SemiHidden=\"false\"rn   UnhideWhenUsed=\"false\" Name=\"Light List Accent 2\"/>rn  <w:LsdException Locked=\"false\" Priority=\"62\" SemiHidden=\"false\"rn   UnhideWhenUsed=\"false\" Name=\"Light Grid Accent 2\"/>rn  <w:LsdException Locked=\"false\" Priority=\"63\" SemiHidden=\"false\"rn   UnhideWhenUsed=\"false\" Name=\"Medium Shading 1 Accent 2\"/>rn  <w:LsdException Locked=\"false\" Priority=\"64\" SemiHidden=\"false\"rn   UnhideWhenUsed=\"false\" Name=\"Medium Shading 2 Accent 2\"/>rn  <w:LsdException Locked=\"false\" Priority=\"65\" SemiHidden=\"false\"rn   UnhideWhenUsed=\"false\" Name=\"Medium List 1 Accent 2\"/>rn  <w:LsdException Locked=\"false\" Priority=\"66\" SemiHidden=\"false\"rn   UnhideWhenUsed=\"false\" Name=\"Medium List 2 Accent 2\"/>rn  <w:LsdException Locked=\"false\" Priority=\"67\" SemiHidden=\"false\"rn   UnhideWhenUsed=\"false\" Name=\"Medium Grid 1 Accent 2\"/>rn  <w:LsdException Locked=\"false\" Priority=\"68\" SemiHidden=\"false\"rn   UnhideWhenUsed=\"false\" Name=\"Medium Grid 2 Accent 2\"/>rn  <w:LsdException Locked=\"false\" Priority=\"69\" SemiHidden=\"false\"rn   UnhideWhenUsed=\"false\" Name=\"Medium Grid 3 Accent 2\"/>rn  <w:LsdException Locked=\"false\" Priority=\"70\" SemiHidden=\"false\"rn   UnhideWhenUsed=\"false\" Name=\"Dark List Accent 2\"/>rn  <w:LsdException Locked=\"false\" Priority=\"71\" SemiHidden=\"false\"rn   UnhideWhenUsed=\"false\" Name=\"Colorful Shading Accent 2\"/>rn  <w:LsdException Locked=\"false\" Priority=\"72\" SemiHidden=\"false\"rn   UnhideWhenUsed=\"false\" Name=\"Colorful List Accent 2\"/>rn  <w:LsdException Locked=\"false\" Priority=\"73\" SemiHidden=\"false\"rn   UnhideWhenUsed=\"false\" Name=\"Colorful Grid Accent 2\"/>rn  <w:LsdException Locked=\"false\" Priority=\"60\" SemiHidden=\"false\"rn   UnhideWhenUsed=\"false\" Name=\"Light Shading Accent 3\"/>rn  <w:LsdException Locked=\"false\" Priority=\"61\" SemiHidden=\"false\"rn   UnhideWhenUsed=\"false\" Name=\"Light List Accent 3\"/>rn  <w:LsdException Locked=\"false\" Priority=\"62\" SemiHidden=\"false\"rn   UnhideWhenUsed=\"false\" Name=\"Light Grid Accent 3\"/>rn  <w:LsdException Locked=\"false\" Priority=\"63\" SemiHidden=\"false\"rn   UnhideWhenUsed=\"false\" Name=\"Medium Shading 1 Accent 3\"/>rn  <w:LsdException Locked=\"false\" Priority=\"64\" SemiHidden=\"false\"rn   UnhideWhenUsed=\"false\" Name=\"Medium Shading 2 Accent 3\"/>rn  <w:LsdException Locked=\"false\" Priority=\"65\" SemiHidden=\"false\"rn   UnhideWhenUsed=\"false\" Name=\"Medium List 1 Accent 3\"/>rn  <w:LsdException Locked=\"false\" Priority=\"66\" SemiHidden=\"false\"rn   UnhideWhenUsed=\"false\" Name=\"Medium List 2 Accent 3\"/>rn  <w:LsdException Locked=\"false\" Priority=\"67\" SemiHidden=\"false\"rn   UnhideWhenUsed=\"false\" Name=\"Medium Grid 1 Accent 3\"/>rn  <w:LsdException Locked=\"false\" Priority=\"68\" SemiHidden=\"false\"rn   UnhideWhenUsed=\"false\" Name=\"Medium Grid 2 Accent 3\"/>rn  <w:LsdException Locked=\"false\" Priority=\"69\" SemiHidden=\"false\"rn   UnhideWhenUsed=\"false\" Name=\"Medium Grid 3 Accent 3\"/>rn  <w:LsdException Locked=\"false\" Priority=\"70\" SemiHidden=\"false\"rn   UnhideWhenUsed=\"false\" Name=\"Dark List Accent 3\"/>rn  <w:LsdException Locked=\"false\" Priority=\"71\" SemiHidden=\"false\"rn   UnhideWhenUsed=\"false\" Name=\"Colorful Shading Accent 3\"/>rn  <w:LsdException Locked=\"false\" Priority=\"72\" SemiHidden=\"false\"rn   UnhideWhenUsed=\"false\" Name=\"Colorful List Accent 3\"/>rn  <w:LsdException Locked=\"false\" Priority=\"73\" SemiHidden=\"false\"rn   UnhideWhenUsed=\"false\" Name=\"Colorful Grid Accent 3\"/>rn  <w:LsdException Locked=\"false\" Priority=\"60\" SemiHidden=\"false\"rn   UnhideWhenUsed=\"false\" Name=\"Light Shading Accent 4\"/>rn  <w:LsdException Locked=\"false\" Priority=\"61\" SemiHidden=\"false\"rn   UnhideWhenUsed=\"false\" Name=\"Light List Accent 4\"/>rn  <w:LsdException Locked=\"false\" Priority=\"62\" SemiHidden=\"false\"rn   UnhideWhenUsed=\"false\" Name=\"Light Grid Accent 4\"/>rn  <w:LsdException Locked=\"false\" Priority=\"63\" SemiHidden=\"false\"rn   UnhideWhenUsed=\"false\" Name=\"Medium Shading 1 Accent 4\"/>rn  <w:LsdException Locked=\"false\" Priority=\"64\" SemiHidden=\"false\"rn   UnhideWhenUsed=\"false\" Name=\"Medium Shading 2 Accent 4\"/>rn  <w:LsdException Locked=\"false\" Priority=\"65\" SemiHidden=\"false\"rn   UnhideWhenUsed=\"false\" Name=\"Medium List 1 Accent 4\"/>rn  <w:LsdException Locked=\"false\" Priority=\"66\" SemiHidden=\"false\"rn   UnhideWhenUsed=\"false\" Name=\"Medium List 2 Accent 4\"/>rn  <w:LsdException Locked=\"false\" Priority=\"67\" SemiHidden=\"false\"rn   UnhideWhenUsed=\"false\" Name=\"Medium Grid 1 Accent 4\"/>rn  <w:LsdException Locked=\"false\" Priority=\"68\" SemiHidden=\"false\"rn   UnhideWhenUsed=\"false\" Name=\"Medium Grid 2 Accent 4\"/>rn  <w:LsdException Locked=\"false\" Priority=\"69\" SemiHidden=\"false\"rn   UnhideWhenUsed=\"false\" Name=\"Medium Grid 3 Accent 4\"/>rn  <w:LsdException Locked=\"false\" Priority=\"70\" SemiHidden=\"false\"rn   UnhideWhenUsed=\"false\" Name=\"Dark List Accent 4\"/>rn  <w:LsdException Locked=\"false\" Priority=\"71\" SemiHidden=\"false\"rn   UnhideWhenUsed=\"false\" Name=\"Colorful Shading Accent 4\"/>rn  <w:LsdException Locked=\"false\" Priority=\"72\" SemiHidden=\"false\"rn   UnhideWhenUsed=\"false\" Name=\"Colorful List Accent 4\"/>rn  <w:LsdException Locked=\"false\" Priority=\"73\" SemiHidden=\"false\"rn   UnhideWhenUsed=\"false\" Name=\"Colorful Grid Accent 4\"/>rn  <w:LsdException Locked=\"false\" Priority=\"60\" SemiHidden=\"false\"rn   UnhideWhenUsed=\"false\" Name=\"Light Shading Accent 5\"/>rn  <w:LsdException Locked=\"false\" Priority=\"61\" SemiHidden=\"false\"rn   UnhideWhenUsed=\"false\" Name=\"Light List Accent 5\"/>rn  <w:LsdException Locked=\"false\" Priority=\"62\" SemiHidden=\"false\"rn   UnhideWhenUsed=\"false\" Name=\"Light Grid Accent 5\"/>rn  <w:LsdException Locked=\"false\" Priority=\"63\" SemiHidden=\"false\"rn   UnhideWhenUsed=\"false\" Name=\"Medium Shading 1 Accent 5\"/>rn  <w:LsdException Locked=\"false\" Priority=\"64\" SemiHidden=\"false\"rn   UnhideWhenUsed=\"false\" Name=\"Medium Shading 2 Accent 5\"/>rn  <w:LsdException Locked=\"false\" Priority=\"65\" SemiHidden=\"false\"rn   UnhideWhenUsed=\"false\" Name=\"Medium List 1 Accent 5\"/>rn  <w:LsdException Locked=\"false\" Priority=\"66\" SemiHidden=\"false\"rn   UnhideWhenUsed=\"false\" Name=\"Medium List 2 Accent 5\"/>rn  <w:LsdException Locked=\"false\" Priority=\"67\" SemiHidden=\"false\"rn   UnhideWhenUsed=\"false\" Name=\"Medium Grid 1 Accent 5\"/>rn  <w:LsdException Locked=\"false\" Priority=\"68\" SemiHidden=\"false\"rn   UnhideWhenUsed=\"false\" Name=\"Medium Grid 2 Accent 5\"/>rn  <w:LsdException Locked=\"false\" Priority=\"69\" SemiHidden=\"false\"rn   UnhideWhenUsed=\"false\" Name=\"Medium Grid 3 Accent 5\"/>rn  <w:LsdException Locked=\"false\" Priority=\"70\" SemiHidden=\"false\"rn   UnhideWhenUsed=\"false\" Name=\"Dark List Accent 5\"/>rn  <w:LsdException Locked=\"false\" Priority=\"71\" SemiHidden=\"false\"rn   UnhideWhenUsed=\"false\" Name=\"Colorful Shading Accent 5\"/>rn  <w:LsdException Locked=\"false\" Priority=\"72\" SemiHidden=\"false\"rn   UnhideWhenUsed=\"false\" Name=\"Colorful List Accent 5\"/>rn  <w:LsdException Locked=\"false\" Priority=\"73\" SemiHidden=\"false\"rn   UnhideWhenUsed=\"false\" Name=\"Colorful Grid Accent 5\"/>rn  <w:LsdException Locked=\"false\" Priority=\"60\" SemiHidden=\"false\"rn   UnhideWhenUsed=\"false\" Name=\"Light Shading Accent 6\"/>rn  <w:LsdException Locked=\"false\" Priority=\"61\" SemiHidden=\"false\"rn   UnhideWhenUsed=\"false\" Name=\"Light List Accent 6\"/>rn  <w:LsdException Locked=\"false\" Priority=\"62\" SemiHidden=\"false\"rn   UnhideWhenUsed=\"false\" Name=\"Light Grid Accent 6\"/>rn  <w:LsdException Locked=\"false\" Priority=\"63\" SemiHidden=\"false\"rn   UnhideWhenUsed=\"false\" Name=\"Medium Shading 1 Accent 6\"/>rn  <w:LsdException Locked=\"false\" Priority=\"64\" SemiHidden=\"false\"rn   UnhideWhenUsed=\"false\" Name=\"Medium Shading 2 Accent 6\"/>rn  <w:LsdException Locked=\"false\" Priority=\"65\" SemiHidden=\"false\"rn   UnhideWhenUsed=\"false\" Name=\"Medium List 1 Accent 6\"/>rn  <w:LsdException Locked=\"false\" Priority=\"66\" SemiHidden=\"false\"rn   UnhideWhenUsed=\"false\" Name=\"Medium List 2 Accent 6\"/>rn  <w:LsdException Locked=\"false\" Priority=\"67\" SemiHidden=\"false\"rn   UnhideWhenUsed=\"false\" Name=\"Medium Grid 1 Accent 6\"/>rn  <w:LsdException Locked=\"false\" Priority=\"68\" SemiHidden=\"false\"rn   UnhideWhenUsed=\"false\" Name=\"Medium Grid 2 Accent 6\"/>rn  <w:LsdException Locked=\"false\" Priority=\"69\" SemiHidden=\"false\"rn   UnhideWhenUsed=\"false\" Name=\"Medium Grid 3 Accent 6\"/>rn  <w:LsdException Locked=\"false\" Priority=\"70\" SemiHidden=\"false\"rn   UnhideWhenUsed=\"false\" Name=\"Dark List Accent 6\"/>rn  <w:LsdException Locked=\"false\" Priority=\"71\" SemiHidden=\"false\"rn   UnhideWhenUsed=\"false\" Name=\"Colorful Shading Accent 6\"/>rn  <w:LsdException Locked=\"false\" Priority=\"72\" SemiHidden=\"false\"rn   UnhideWhenUsed=\"false\" Name=\"Colorful List Accent 6\"/>rn  <w:LsdException Locked=\"false\" Priority=\"73\" SemiHidden=\"false\"rn   UnhideWhenUsed=\"false\" Name=\"Colorful Grid Accent 6\"/>rn  <w:LsdException Locked=\"false\" Priority=\"19\" SemiHidden=\"false\"rn   UnhideWhenUsed=\"false\" QFormat=\"true\" Name=\"Subtle Emphasis\"/>rn  <w:LsdException Locked=\"false\" Priority=\"21\" SemiHidden=\"false\"rn   UnhideWhenUsed=\"false\" QFormat=\"true\" Name=\"Intense Emphasis\"/>rn  <w:LsdException Locked=\"false\" Priority=\"31\" SemiHidden=\"false\"rn   UnhideWhenUsed=\"false\" QFormat=\"true\" Name=\"Subtle Reference\"/>rn  <w:LsdException Locked=\"false\" Priority=\"32\" SemiHidden=\"false\"rn   UnhideWhenUsed=\"false\" QFormat=\"true\" Name=\"Intense Reference\"/>rn  <w:LsdException Locked=\"false\" Priority=\"33\" SemiHidden=\"false\"rn   UnhideWhenUsed=\"false\" QFormat=\"true\" Name=\"Book Title\"/>rn  <w:LsdException Locked=\"false\" Priority=\"37\" Name=\"Bibliography\"/>rn  <w:LsdException Locked=\"false\" Priority=\"39\" QFormat=\"true\" Name=\"TOC Heading\"/>rn </w:LatentStyles>rn</xml><![endif]--><!-- [if gte mso 10]>rn<style>rn /* Style Definitions */rn table.MsoNormalTablern	{mso-style-name:\"Table Normal\";rn	mso-tstyle-rowband-size:0;rn	mso-tstyle-colband-size:0;rn	mso-style-noshow:yes;rn	mso-style-priority:99;rn	mso-style-qformat:yes;rn	mso-style-parent:\"\";rn	mso-padding-alt:0in 5.4pt 0in 5.4pt;rn	mso-para-margin:0in;rn	mso-para-margin-bottom:.0001pt;rn	mso-pagination:widow-orphan;rn	font-size:11.0pt;rn	font-family:\"Cambria\",\"serif\";rn	mso-ascii-font-family:Cambria;rn	mso-ascii-theme-font:minor-latin;rn	mso-hansi-font-family:Cambria;rn	mso-hansi-theme-font:minor-latin;}rn</style>rn<![endif]-->','residential'),(6,'images/project6.jpg','Makeen Tower','<p style=\"text-align: justify;\">Artica Interiors was appointed to design and build an office space in the prestigious Makeen Tower in Abu Dhabi. The design brief was to create a functional office with lots of open spaces to give a very expansive feeling. The overall design was conceptualised on contemporary lines reflecting an European styled office. The signature element in the design was the concealed storage system integrated with the very sleek finish. The interiors blended well with the design seamlessly and whole office space was harmoniously functional.</p>','commercial'),(7,'images/project7.jpg','Orchestra','<p style=\"text-align: justify;\">Artica was commissioned to fit-out this fine dining restaurant in the Dubai Festival City which was concept designed by a famous Lebanese restaurant designer Bureau Antoine Tabet. Artica had thus embarked on developing the detailed working drawings, selection of materials, custom making many of the design features. All the lighting chandeliers, lighted mashrabia patterns, and furniture were custom made keeping the original design intent intact. The overall project was thoroughly planned and executed to the minute detail resulting in a very signature restaurant.</p>','hospitality'),(10,'images/project10.jpg','Choco Bar','<p style=\"text-align: justify;\">&nbsp;Artica was commissioned to fit-out the Chocolate Bar restaurant in the Mirdif City Centre of Dubai. This is a franchise American restaurant designed locally by HDD Interiors. Artica had worked on the construction details and executed the project in line with the requirements of the client. The overall project was delivered with the exceptional quality material finishes blending seamless between soft and hard finishing resulting in a masterpiece hideout for a quality time out.</p>','hospitality'),(11,'images/project11.jpg','Al Jaber Gallery','<p>Al Jaber Gallery</p>','retail'),(12,'images/project12.jpg','Mirdiff Villa','<p>Private villa renovation. The work was centered around creating a very upscale living space. We worked on multiple room concepts while keeping the common areas of the villa uniform.The focus on the renovation was to cater to the new and evolving family demands and requirements.</p>\r\n<p>The overall work required a very thorough analysis in order to solve the functionality and utility of the villa space. Furthermore, we worked on solving all related technical issues.</p>\r\n<p><!-- [if gte mso 9]><xml>\r\n <o:OfficeDocumentSettings>\r\n  <o:AllowPNG/>\r\n </o:OfficeDocumentSettings>\r\n</xml><![endif]--></p>','residential'),(13,'images/project13.jpg','Mark Inn Hotel','<p>Artica Interiors was appointed to fully refurbish Mark Inn hotel which included the hotel facade, all the rooms and public areas. Public areas such as the reception and restaurants were upgraded and kept in line with the overall hotel look, creating a warm atmosphere and using desert tone colours.</p>\r\n<p>Before the refurbishment, the hotel had only a one room category. However, in order to cater to various guest and budgets, we came up with the concept of a four suite configuration.</p>\r\n<p>Furthermore, great emphasis were put on space planning in order to achieve the most functional and feasible solution which would enhance the overall hotels operations.</p>','hospitality'),(14,'images/project14.jpg','Khalifa Fund Office - Al Ain','<p>After Artica Interiors successfully completing three offices for Khalifa Fund, Artica continued to be blessed with the support from Khalifa Fund for Enterprise Development and appointed to design their forth office in Al Ain.</p>\r\n<p>We were very proud to win the design / build competition which was submitted via a tender.</p>\r\n<p>Al Ain office is the largest space of all the four Khalifa Fund projects Artica completed.</p>\r\n<p>The previous designs centered around a contemporary look whereas this project was to channel a much more fresh and youthful design with the emphasis on lighter colours and materials.</p>\r\n<p>&nbsp;</p>','commercial');
/*!40000 ALTER TABLE `projects` ENABLE KEYS */;
UNLOCK TABLES;

--
-- Table structure for table `services`
--

DROP TABLE IF EXISTS `services`;
/*!40101 SET @saved_cs_client     = @@character_set_client */;
/*!40101 SET character_set_client = utf8 */;
CREATE TABLE `services` (
  `id` int(11) NOT NULL AUTO_INCREMENT,
  `image_url` varchar(520) COLLATE utf8_unicode_ci DEFAULT NULL,
  `description` text COLLATE utf8_unicode_ci,
  PRIMARY KEY (`id`)
) ENGINE=InnoDB AUTO_INCREMENT=2 DEFAULT CHARSET=utf8 COLLATE=utf8_unicode_ci;
/*!40101 SET character_set_client = @saved_cs_client */;

--
-- Dumping data for table `services`
--

LOCK TABLES `services` WRITE;
/*!40000 ALTER TABLE `services` DISABLE KEYS */;
INSERT INTO `services` VALUES (1,'images/service.jpg','<p class=\"p1\">Artica Interiors provides full range of interior design services including :</p>\r\n<p>Interior Space Planning</p>\r\n<p>Concept Design (Including selection of hard finishes, loose FF&amp;E, decorative lighting, artwork and accessories</p>\r\n<p>Schematic Design and Design Development (Production of a fully dimensioned and coordinated schematics design package)</p>\r\n<p>Detailed Interior Design Documentation (Fully detailed construction drawing package including full technical specification documentation for all internal elements)</p>\r\n<p>Tender Coordination and Evaluation</p>\r\n<p>Interior Fit-Out &amp; Installation</p>\r\n<p>Site Supervision</p>');
/*!40000 ALTER TABLE `services` ENABLE KEYS */;
UNLOCK TABLES;

--
-- Table structure for table `users`
--

DROP TABLE IF EXISTS `users`;
/*!40101 SET @saved_cs_client     = @@character_set_client */;
/*!40101 SET character_set_client = utf8 */;
CREATE TABLE `users` (
  `id` int(11) NOT NULL AUTO_INCREMENT,
  `username` varchar(255) NOT NULL,
  `password` varchar(255) NOT NULL,
  PRIMARY KEY (`id`)
) ENGINE=InnoDB AUTO_INCREMENT=2 DEFAULT CHARSET=latin1;
/*!40101 SET character_set_client = @saved_cs_client */;

--
-- Dumping data for table `users`
--

LOCK TABLES `users` WRITE;
/*!40000 ALTER TABLE `users` DISABLE KEYS */;
INSERT INTO `users` VALUES (1,'admin','admin');
/*!40000 ALTER TABLE `users` ENABLE KEYS */;
UNLOCK TABLES;
/*!40103 SET TIME_ZONE=@OLD_TIME_ZONE */;

/*!40101 SET SQL_MODE=@OLD_SQL_MODE */;
/*!40014 SET FOREIGN_KEY_CHECKS=@OLD_FOREIGN_KEY_CHECKS */;
/*!40014 SET UNIQUE_CHECKS=@OLD_UNIQUE_CHECKS */;
/*!40101 SET CHARACTER_SET_CLIENT=@OLD_CHARACTER_SET_CLIENT */;
/*!40101 SET CHARACTER_SET_RESULTS=@OLD_CHARACTER_SET_RESULTS */;
/*!40101 SET COLLATION_CONNECTION=@OLD_COLLATION_CONNECTION */;
/*!40111 SET SQL_NOTES=@OLD_SQL_NOTES */;

-- Dump completed on 2014-11-29  6:50:00
